model_version,n,r,reduced_dimension,block_size,gsa_tail_dimension,delta,prob_log2,T_red_log2,T_hyb_log2,total_cost_log2,valid,evaluated_candidates
2026-08-15-k-dimension-gsa-det-cbd-moment-v1,768,1,1535,708,1534,1.0026452555195002,-161.22807472585495,239.36387913003227,26.950734837886735,400.59195385588725,True,618
2026-08-15-k-dimension-gsa-det-cbd-moment-v1,768,2,1534,708,1533,1.0026452555195002,-159.8488951422676,239.36293895727766,28.1550991354217,399.2118340995453,True,618
2026-08-15-k-dimension-gsa-det-cbd-moment-v1,768,3,1533,708,1532,1.0026452555195002,-158.4758298848662,239.3619981714335,29.30020766373137,397.8378280562997,True,618
2026-08-15-k-dimension-gsa-det-cbd-moment-v1,768,4,1532,708,1531,1.0026452555195002,-157.10888453408575,239.36105677169968,30.499669825378895,396.4699413057854,True,618
2026-08-15-k-dimension-gsa-det-cbd-moment-v1,768,5,1531,708,1530,1.0026452555195002,-155.74806462194445,239.36011475727452,31.624585111075277,395.108179379219,True,618
2026-08-15-k-dimension-gsa-det-cbd-moment-v1,768,6,1530,708,1529,1.0026452555195002,-154.3933756310872,239.35917212735473,32.7492739438049,393.7525477584419,True,618
2026-08-15-k-dimension-gsa-det-cbd-moment-v1,768,7,1529,708,1528,1.0026452555195002,-153.04482299381647,239.35822888113552,33.87374177364113,392.403051874952,True,618
2026-08-15-k-dimension-gsa-det-cbd-moment-v1,768,8,1528,708,1527,1.0026452555195002,-151.70241209111202,239.35728501781048,35.09780747644716,391.0596971089225,True,618
2026-08-15-k-dimension-gsa-det-cbd-moment-v1,768,9,1527,708,1526,1.0026452555195002,-150.3661482516357,239.35634053657157,36.22116402744513,389.7224887882073,True,618
2026-08-15-k-dimension-gsa-det-cbd-moment-v1,768,10,1526,708,1525,1.0026452555195002,-149.0360367507256,239.35539543660926,37.34433105943303,388.3914321873349,True,618
2026-08-15-k-dimension-gsa-det-cbd-moment-v1,768,11,1525,708,1524,1.0026452555195002,-147.71208280937466,239.35444971711232,38.467312806432005,387.066532526487,True,618
2026-08-15-k-dimension-gsa-det-cbd-moment-v1,768,12,1524,708,1523,1.0026452555195002,-146.39429159319852,239.3243570316085,39.59011339631531,385.71864862480703,True,618
2026-08-15-k-dimension-gsa-det-cbd-moment-v1,768,13,1523,708,1522,1.0026452555195002,-145.08266821138827,239.3234100706025,40.72838875241158,384.40607828199074,True,618
2026-08-15-k-dimension-gsa-det-cbd-moment-v1,768,14,1522,708,1521,1.0026452555195002,-143.77721771565123,239.32246248761876,41.85067032272454,383.09968020327,True,618
2026-08-15-k-dimension-gsa-det-cbd-moment-v1,768,15,1521,708,1520,1.0026452555195002,-142.47794509913612,239.3215142818397,42.97278577453872,381.7994593809758,True,618
2026-08-15-k-dimension-gsa-det-cbd-moment-v1,768,16,1520,708,1519,1.0026452555195002,-141.18485529534752,239.32056545244615,44.158388263616786,380.50542074779366,True,618
2026-08-15-k-dimension-gsa-det-cbd-moment-v1,768,17,1519,708,1518,1.0026452555195002,-139.89795317704287,239.31961599861728,45.27993387079276,379.2175691756602,True,618
2026-08-15-k-dimension-gsa-det-cbd-moment-v1,768,18,1518,708,1517,1.0026452555195002,-138.61724355511996,239.31866591953067,46.401309136793174,377.93590947465066,True,618
2026-08-15-k-dimension-gsa-det-cbd-moment-v1,768,19,1517,708,1516,1.0026452555195002,-137.34273117748373,239.31771521436224,47.52255607737388,376.660446391846,True,618
2026-08-15-k-dimension-gsa-det-cbd-moment-v1,768,20,1516,708,1515,1.0026452555195002,-136.07442072790727,239.3167638822863,48.64363968702924,375.3911846101936,True,618
2026-08-15-k-dimension-gsa-det-cbd-moment-v1,768,21,1515,708,1514,1.0026452555195002,-134.8123168248715,239.31581192247552,49.76459961391697,374.128128747347,True,618
2026-08-15-k-dimension-gsa-det-cbd-moment-v1,768,22,1514,708,1513,1.0026452555195002,-133.5564240203935,239.31485933410093,50.899289210657784,372.87128335449444,True,618
2026-08-15-k-dimension-gsa-det-cbd-moment-v1,768,23,1513,708,1512,1.0026452555195002,-132.30674679883907,239.31390611633194,52.01984038519757,371.62065291517104,True,618
2026-08-15-k-dimension-gsa-det-cbd-moment-v1,768,24,1512,708,1511,1.0026452555195002,-131.06328957572276,239.31295226833626,53.14024355610755,370.376241844059,True,618
2026-08-15-k-dimension-gsa-det-cbd-moment-v1,768,25,1511,708,1510,1.0026452555195002,-129.82605669648893,239.31199778928004,54.26053400571874,369.138054485769,True,618
2026-08-15-k-dimension-gsa-det-cbd-moment-v1,768,26,1510,708,1509,1.0026452555195002,-128.59505243528216,239.31104267832765,55.38069774035906,367.9060951136098,True,618
2026-08-15-k-dimension-gsa-det-cbd-moment-v1,768,27,1509,708,1508,1.0026452555195002,-127.37028099369941,239.28033959124784,56.500737071182,366.65062058494726,True,618
2026-08-15-k-dimension-gsa-det-cbd-moment-v1,768,28,1508,708,1507,1.0026452555195002,-126.15174649952863,239.2793832139898,57.62065424605437,365.43112971351843,True,618
2026-08-15-k-dimension-gsa-det-cbd-moment-v1,768,29,1507,708,1506,1.0026452555195002,-124.93945300547098,239.27842620231897,58.74045145184393,364.21787920778996,True,618
2026-08-15-k-dimension-gsa-det-cbd-moment-v1,768,30,1506,708,1505,1.0026452555195002,-123.73340448784764,239.27746855539309,59.860110004177,363.01087304324074,True,618
2026-08-15-k-dimension-gsa-det-cbd-moment-v1,768,31,1505,709,1504,1.0026425042985438,-121.74616302099128,239.56851027236823,60.979683644557376,361.31467329335953,True,619
2026-08-15-k-dimension-gsa-det-cbd-moment-v1,768,32,1504,709,1503,1.0026425042985438,-120.55738707024888,239.5675513523988,62.169768211430814,360.1249384226477,True,619
2026-08-15-k-dimension-gsa-det-cbd-moment-v1,768,33,1503,709,1502,1.0026425042985438,-119.3748635680323,239.5665917946375,63.288832315201105,358.9414553626698,True,619
2026-08-15-k-dimension-gsa-det-cbd-moment-v1,768,34,1502,709,1501,1.0026425042985438,-118.19859610717835,239.56563159823543,64.40779135203084,357.76422770541376,True,619
2026-08-15-k-dimension-gsa-det-cbd-moment-v1,768,35,1501,709,1500,1.0026425042985438,-117.0285881966652,239.56467076234185,65.52664706401492,356.593258959007,True,619
2026-08-15-k-dimension-gsa-det-cbd-moment-v1,768,36,1500,709,1499,1.0026425042985438,-115.86484326021636,239.5637092861044,66.64537978455942,355.42855254632076,True,619
2026-08-15-k-dimension-gsa-det-cbd-moment-v1,768,37,1499,709,1498,1.0026425042985438,-114.70736463488797,239.562747168669,67.76399285277995,354.270111803557,True,619
2026-08-15-k-dimension-gsa-det-cbd-moment-v1,768,38,1498,709,1497,1.0026425042985438,-113.55615556964018,239.56178440917992,68.88248370034263,353.1179399788201,True,619
2026-08-15-k-dimension-gsa-det-cbd-moment-v1,768,39,1497,709,1496,1.0026425042985438,-112.41121922389127,239.56082100677958,70.00089313813811,351.9720402306708,True,619
2026-08-15-k-dimension-gsa-det-cbd-moment-v1,768,40,1496,709,1495,1.0026425042985438,-111.27255866605526,239.52948331156526,71.11925656858585,350.80204197762055,True,619
2026-08-15-k-dimension-gsa-det-cbd-moment-v1,768,41,1495,709,1494,1.0026425042985438,-110.14017687206247,239.5285186207631,72.24892090869902,349.6686954928256,True,619
2026-08-15-k-dimension-gsa-det-cbd-moment-v1,768,42,1494,709,1493,1.0026425042985438,-109.01407672386357,239.52755328446688,73.36700878244378,348.54163000833046,True,619
2026-08-15-k-dimension-gsa-det-cbd-moment-v1,768,43,1493,709,1492,1.0026425042985438,-107.89426100791509,239.52658730181219,74.485007213574,347.42084830972726,True,619
2026-08-15-k-dimension-gsa-det-cbd-moment-v1,768,44,1492,709,1491,1.0026425042985438,-106.78073241364942,239.52562067193287,75.60291759110797,346.30635308558226,True,619
2026-08-15-k-dimension-gsa-det-cbd-moment-v1,768,45,1491,709,1490,1.0026425042985438,-105.67349353192718,239.52465339396107,76.72074120090237,345.19814692588824,True,619
2026-08-15-k-dimension-gsa-det-cbd-moment-v1,768,46,1490,709,1489,1.0026425042985438,-104.57254685346956,239.52368546702715,77.83847937012824,344.0962323204967,True,619
2026-08-15-k-dimension-gsa-det-cbd-moment-v1,768,47,1489,709,1488,1.0026425042985438,-103.47789476727738,239.52271689025974,78.95613337235095,343.0006116575371,True,619
2026-08-15-k-dimension-gsa-det-cbd-moment-v1,768,48,1488,709,1487,1.0026425042985438,-102.3895395590292,239.52174766278566,80.07368273160988,341.91128722181486,True,619
2026-08-15-k-dimension-gsa-det-cbd-moment-v1,768,49,1487,709,1486,1.0026425042985438,-101.30748340946244,239.52077778373004,81.1910835342896,340.8282611931925,True,619
2026-08-15-k-dimension-gsa-det-cbd-moment-v1,768,50,1486,709,1485,1.0026425042985438,-100.23172839273771,239.51980725221622,82.31899492733427,339.75153564495395,True,619
2026-08-15-k-dimension-gsa-det-cbd-moment-v1,768,51,1485,709,1484,1.0026425042985438,-99.16227647478303,239.51883606736575,83.43624711379235,338.68111254214875,True,619
2026-08-15-k-dimension-gsa-det-cbd-moment-v1,768,52,1484,709,1483,1.0026425042985438,-98.09912951162357,239.51786422829844,84.55342220254703,337.616993739922,True,619
2026-08-15-k-dimension-gsa-det-cbd-moment-v1,768,53,1483,709,1482,1.0026425042985438,-97.04228924768815,239.51689173413226,85.67052128305478,336.5591809818204,True,619
2026-08-15-k-dimension-gsa-det-cbd-moment-v1,768,54,1482,709,1481,1.0026425042985438,-95.99175731410348,239.51591858398348,86.7875454214267,335.507675898087,True,619
2026-08-15-k-dimension-gsa-det-cbd-moment-v1,768,55,1481,709,1480,1.0026425042985438,-94.94753522696399,239.48391788134586,87.90449566108914,334.4314531083098,True,619
2026-08-15-k-dimension-gsa-det-cbd-moment-v1,768,56,1480,709,1479,1.0026425042985438,-93.90962438558883,239.48294341657333,89.02137302342156,333.39256780216215,True,619
2026-08-15-k-dimension-gsa-det-cbd-moment-v1,768,57,1479,710,1478,1.0026397594639693,-92.2171521023827,239.7739682931561,90.13809074906416,331.9911203955388,True,620
2026-08-15-k-dimension-gsa-det-cbd-moment-v1,768,58,1478,710,1477,1.0026397594639693,-91.19649866174412,239.77299251020315,91.25480492267376,330.96949117194725,True,620
2026-08-15-k-dimension-gsa-det-cbd-moment-v1,768,59,1477,710,1476,1.0026397594639693,-90.18215396160261,239.7720160668218,92.37144716334876,329.9541700284244,True,620
2026-08-15-k-dimension-gsa-det-cbd-moment-v1,768,60,1476,710,1475,1.0026397594639693,-89.1741188287671,239.77103896211742,93.49779251603725,328.94515779088454,True,620
2026-08-15-k-dimension-gsa-det-cbd-moment-v1,768,61,1475,710,1474,1.0026397594639693,-88.17239396330503,239.77006119519356,94.6142322529382,327.9424551584986,True,620
2026-08-15-k-dimension-gsa-det-cbd-moment-v1,768,62,1474,710,1473,1.0026397594639693,-87.17697993667711,239.7690827651521,95.73060812889332,326.9460627018292,True,620
2026-08-15-k-dimension-gsa-det-cbd-moment-v1,768,63,1473,710,1472,1.0026397594639693,-86.18787718985635,239.76810367109286,96.84691662620233,325.95598086094924,True,620
2026-08-15-k-dimension-gsa-det-cbd-moment-v1,768,64,1472,710,1471,1.0026397594639693,-85.20508603142623,239.76712391211402,98.01564292701269,324.97220994354024,True,620
2026-08-15-k-dimension-gsa-det-cbd-moment-v1,768,65,1471,710,1470,1.0026397594639693,-84.22860663566071,239.76614348731184,99.13174287195629,323.99475012297256,True,620
2026-08-15-k-dimension-gsa-det-cbd-moment-v1,768,66,1470,710,1469,1.0026397594639693,-83.2584390405851,239.76516239578075,100.24778967996829,323.0236014363659,True,620
2026-08-15-k-dimension-gsa-det-cbd-moment-v1,768,67,1469,710,1468,1.0026397594639693,-82.29458314601953,239.7641806366133,101.36375502177671,322.0587637826328,True,620
2026-08-15-k-dimension-gsa-det-cbd-moment-v1,768,68,1468,710,1467,1.0026397594639693,-81.33703871160084,239.73148934917288,102.47967975798625,321.0685280607737,True,620
2026-08-15-k-dimension-gsa-det-cbd-moment-v1,768,69,1467,710,1466,1.0026397594639693,-80.38580535478903,239.73050625200307,103.60461847304069,320.1163116067921,True,620
2026-08-15-k-dimension-gsa-det-cbd-moment-v1,768,70,1466,710,1465,1.0026397594639693,-79.44088254885158,239.72952248446347,104.72034522869228,319.17040503331503,True,620
2026-08-15-k-dimension-gsa-det-cbd-moment-v1,768,71,1465,710,1464,1.0026397594639693,-78.50226962083188,239.72853804563928,105.83600694211749,318.23080766647115,True,620
2026-08-15-k-dimension-gsa-det-cbd-moment-v1,768,72,1464,710,1463,1.0026397594639693,-77.56996574949636,239.72755293461373,106.95163739369598,317.29751868411006,True,620
2026-08-15-k-dimension-gsa-det-cbd-moment-v1,768,73,1463,711,1462,1.0026370209926272,-76.06018958600374,240.01856715046816,108.06728177375332,316.0787567364719,True,621
2026-08-15-k-dimension-gsa-det-cbd-moment-v1,768,74,1462,711,1461,1.0026370209926272,-75.14501133504055,240.0175806922821,109.18282845626781,315.16259202732266,True,621
2026-08-15-k-dimension-gsa-det-cbd-moment-v1,768,75,1461,711,1460,1.0026370209926272,-74.23613120994627,240.01659355913318,110.29821654843249,314.25272476907946,True,621
2026-08-15-k-dimension-gsa-det-cbd-moment-v1,768,76,1460,711,1459,1.0026370209926272,-73.33354767141992,240.01560575009705,111.41365484113967,313.349153421517,True,621
2026-08-15-k-dimension-gsa-det-cbd-moment-v1,768,77,1459,711,1458,1.0026370209926272,-72.43725902028658,240.01461726424756,112.52903999435578,312.45187628453414,True,621
2026-08-15-k-dimension-gsa-det-cbd-moment-v1,768,78,1458,711,1457,1.0026370209926272,-71.54726339532967,240.0136281006566,113.64425171984337,311.56089149598625,True,621
2026-08-15-k-dimension-gsa-det-cbd-moment-v1,768,79,1457,711,1456,1.0026370209926272,-70.6635587711029,240.0126382583942,114.76799895010672,310.6761970294971,True,621
2026-08-15-k-dimension-gsa-det-cbd-moment-v1,768,80,1456,711,1455,1.0026370209926272,-69.78614295572562,240.01164773652837,115.88317868773001,309.797790692254,True,621
2026-08-15-k-dimension-gsa-det-cbd-moment-v1,768,81,1455,711,1454,1.0026370209926272,-68.91501358865911,240.01065653412533,116.9983082680449,308.9256701227844,True,621
2026-08-15-k-dimension-gsa-det-cbd-moment-v1,768,82,1454,711,1453,1.0026370209926272,-68.05016813846477,239.97724317255688,118.1132932199059,308.02741131102164,True,621
2026-08-15-k-dimension-gsa-det-cbd-moment-v1,768,83,1453,711,1452,1.0026370209926272,-67.19160390054577,239.97625060627013,119.22832406099883,307.1678545068159,True,621
2026-08-15-k-dimension-gsa-det-cbd-moment-v1,768,84,1452,711,1451,1.0026370209926272,-66.33931799486969,239.97525735663305,120.34330641166788,306.31457535150275,True,621
2026-08-15-k-dimension-gsa-det-cbd-moment-v1,768,85,1451,711,1450,1.0026370209926272,-65.49330736367378,239.97426342270404,121.45813380423222,305.4675707863778,True,621
2026-08-15-k-dimension-gsa-det-cbd-moment-v1,768,86,1450,711,1449,1.0026370209926272,-64.65356876915388,239.97326880353958,122.57302073736975,304.6268375726935,True,621
2026-08-15-k-dimension-gsa-det-cbd-moment-v1,768,87,1449,712,1448,1.0026342888614823,-63.30228592316571,240.26427349819423,123.68785386071755,303.56655942135995,True,622
2026-08-15-k-dimension-gsa-det-cbd-moment-v1,768,88,1448,712,1447,1.0026342888614823,-62.47946133644192,240.2632775057205,124.81062176704485,302.74273884216245,True,622
2026-08-15-k-dimension-gsa-det-cbd-moment-v1,768,89,1447,712,1446,1.0026342888614823,-61.66288880131578,240.26228082516903,125.92527655365146,301.92516962648483,True,622
2026-08-15-k-dimension-gsa-det-cbd-moment-v1,768,90,1446,712,1445,1.0026342888614823,-60.85256421674873,240.26128345558843,127.03991332219564,301.11384767233716,True,622
2026-08-15-k-dimension-gsa-det-cbd-moment-v1,768,91,1445,712,1444,1.0026342888614823,-60.04848328873708,240.26028539602535,128.1544743712171,300.3087686847624,True,622
2026-08-15-k-dimension-gsa-det-cbd-moment-v1,768,92,1444,712,1443,1.0026342888614823,-59.25064152789715,240.25928664552447,129.26902271545978,299.5099281734216,True,622
2026-08-15-k-dimension-gsa-det-cbd-moment-v1,768,93,1443,712,1442,1.0026342888614823,-58.459034247036186,240.2582872031285,130.38350599657252,298.7173214501647,True,622
2026-08-15-k-dimension-gsa-det-cbd-moment-v1,768,94,1442,712,1441,1.0026342888614823,-57.67365655870734,240.2572870678781,131.49796257329322,297.9309436265855,True,622
2026-08-15-k-dimension-gsa-det-cbd-moment-v1,768,95,1441,712,1440,1.0026342888614823,-56.894503372749014,240.22311937487686,132.61236020753185,297.1176227476259,True,622
2026-08-15-k-dimension-gsa-det-cbd-moment-v1,768,96,1440,712,1439,1.0026342888614823,-56.12156939381121,240.22211785103178,133.72673710740233,296.343687244843,True,622
2026-08-15-k-dimension-gsa-det-cbd-moment-v1,768,97,1439,712,1438,1.0026342888614823,-55.3548491188664,240.2211156314424,134.84105082540233,295.5759647503088,True,622
2026-08-15-k-dimension-gsa-det-cbd-moment-v1,768,98,1438,713,1437,1.0026315630476124,-54.12754742332546,240.5121127151414,135.96289411487885,294.63966013846687,True,623
2026-08-15-k-dimension-gsa-det-cbd-moment-v1,768,99,1437,713,1436,1.0026315630476124,-53.37749480442068,240.51110910115943,137.07704799003523,293.8886039055801,True,623
2026-08-15-k-dimension-gsa-det-cbd-moment-v1,768,100,1436,713,1435,1.0026315630476124,-52.633627504439424,240.51010478852515,138.19119926614104,293.14373229296456,True,623
2026-08-15-k-dimension-gsa-det-cbd-moment-v1,768,101,1435,713,1434,1.0026315630476124,-51.89593903230484,240.50909977626515,139.30529034422702,292.40503880857,True,623
2026-08-15-k-dimension-gsa-det-cbd-moment-v1,768,102,1434,713,1433,1.0026315630476124,-51.164422675503424,240.508094063404,140.41936296572325,291.6725167389074,True,623
2026-08-15-k-dimension-gsa-det-cbd-moment-v1,768,103,1433,713,1432,1.0026315630476124,-50.43907149751917,240.50708764896424,141.53341233466745,290.9461591464834,True,623
2026-08-15-k-dimension-gsa-det-cbd-moment-v1,768,104,1432,713,1431,1.0026315630476124,-49.71987833525855,240.50608053196635,142.64740588207658,290.2259588672249,True,623
2026-08-15-k-dimension-gsa-det-cbd-moment-v1,768,105,1431,713,1430,1.0026315630476124,-49.00683579646383,240.50507271142877,143.76138375071767,289.5119085078926,True,623
2026-08-15-k-dimension-gsa-det-cbd-moment-v1,768,106,1430,713,1429,1.0026315630476124,-48.29993625711704,240.50406418636786,144.8753239069359,288.8040004434849,True,623
2026-08-15-k-dimension-gsa-det-cbd-moment-v1,768,107,1429,714,1428,1.002628843528209,-47.173513621345364,240.76110762387458,145.99613974116951,287.93462124521994,True,624
2026-08-15-k-dimension-gsa-det-cbd-moment-v1,768,108,1428,714,1427,1.002628843528209,-46.48301787076554,240.76009768680785,147.1099917752271,287.2431155575734,True,624
2026-08-15-k-dimension-gsa-det-cbd-moment-v1,768,109,1427,714,1426,1.002628843528209,-45.798628934755705,240.75908704225452,148.22380746763437,286.5577159770102,True,624
2026-08-15-k-dimension-gsa-det-cbd-moment-v1,768,110,1426,714,1425,1.002628843528209,-45.12033809379083,240.75807568922266,149.33758716130598,285.8784137830135,True,624
2026-08-15-k-dimension-gsa-det-cbd-moment-v1,768,111,1425,714,1424,1.002628843528209,-44.44813638239973,240.75706362671824,150.45133119410198,285.20520000911796,True,624
2026-08-15-k-dimension-gsa-det-cbd-moment-v1,768,112,1424,714,1423,1.002628843528209,-43.78201458652728,240.75605085374517,151.5650398989261,284.5380654402725,True,624
2026-08-15-k-dimension-gsa-det-cbd-moment-v1,768,113,1423,714,1422,1.002628843528209,-43.12196324089368,240.75503736930526,152.6787136038214,283.87700061019893,True,624
2026-08-15-k-dimension-gsa-det-cbd-moment-v1,768,114,1422,714,1421,1.002628843528209,-42.46797262634824,240.75402317239818,153.79235263206337,283.22199579874643,True,624
2026-08-15-k-dimension-gsa-det-cbd-moment-v1,768,115,1421,714,1420,1.002628843528209,-41.82003276722071,240.75300826202155,154.90595730225132,282.5730410292423,True,624
2026-08-15-k-dimension-gsa-det-cbd-moment-v1,768,116,1420,715,1419,1.0026261302805748,-40.79235253136418,241.04399263717082,156.02612596314532,281.836345168535,True,625
2026-08-15-k-dimension-gsa-det-cbd-moment-v1,768,117,1419,715,1418,1.0026261302805748,-40.160496287710394,241.04297629683933,157.1396081005145,281.20347258454973,True,625
2026-08-15-k-dimension-gsa-det-cbd-moment-v1,768,118,1418,715,1417,1.0026261302805748,-39.53464602833122,241.0419592400183,158.25305232447315,280.5766052683495,True,625
2026-08-15-k-dimension-gsa-det-cbd-moment-v1,768,119,1417,715,1416,1.0026261302805748,-38.91479057305369,241.0409414656968,159.36644537976085,279.9557320387505,True,625
2026-08-15-k-dimension-gsa-det-cbd-moment-v1,768,120,1416,715,1415,1.0026261302805748,-38.30091847092615,241.03992297286177,160.47982830578528,279.3408414437879,True,625
2026-08-15-k-dimension-gsa-det-cbd-moment-v1,768,121,1415,715,1414,1.0026261302805748,-37.693017997579794,241.00413834233734,161.59315740155756,278.6971563399171,True,625
2026-08-15-k-dimension-gsa-det-cbd-moment-v1,768,122,1414,715,1413,1.0026261302805748,-37.09107715259421,241.0031184094275,162.70642604368783,278.0941955620217,True,625
2026-08-15-k-dimension-gsa-det-cbd-moment-v1,768,123,1413,715,1412,1.0026261302805748,-36.495083656868076,241.00209775495202,163.8197119369642,277.49718141182007,True,625
2026-08-15-k-dimension-gsa-det-cbd-moment-v1,768,124,1412,716,1411,1.0026234232821245,-35.553861000895935,241.29307637788924,164.93298946779524,276.8469373787852,True,626
2026-08-15-k-dimension-gsa-det-cbd-moment-v1,768,125,1411,716,1410,1.0026234232821245,-34.9736100308366,241.29205427721533,166.04616779276444,276.26566430805195,True,626
2026-08-15-k-dimension-gsa-det-cbd-moment-v1,768,126,1410,716,1409,1.0026234232821245,-34.399253290214276,241.29103145190422,167.16584216625145,275.6902847421185,True,626
2026-08-15-k-dimension-gsa-det-cbd-moment-v1,768,127,1409,716,1408,1.0026234232821245,-33.83077719953133,241.2900079009277,168.2789985274949,275.12078510045905,True,626
2026-08-15-k-dimension-gsa-det-cbd-moment-v1,768,128,1408,716,1407,1.0026234232821245,-33.26816788670715,241.28898362325535,169.45962690762167,274.5571515099625,True,626
2026-08-15-k-dimension-gsa-det-cbd-moment-v1,768,129,1407,716,1406,1.0026234232821245,-32.711411184521836,241.2879586178546,170.57262802994197,273.99936980237646,True,626
2026-08-15-k-dimension-gsa-det-cbd-moment-v1,768,130,1406,716,1405,1.0026234232821245,-32.160492628075026,241.2869328836906,171.6856474941848,273.44742551176563,True,626
2026-08-15-k-dimension-gsa-det-cbd-moment-v1,768,131,1405,717,1404,1.0026207225103831,-31.293877869846717,241.57790641972636,172.79859297047642,272.8717842895731,True,627
2026-08-15-k-dimension-gsa-det-cbd-moment-v1,768,132,1404,717,1403,1.0026207225103831,-30.758354163521737,241.57687922492264,173.91155523426028,272.33523338844435,True,627
2026-08-15-k-dimension-gsa-det-cbd-moment-v1,768,133,1403,717,1402,1.0026207225103831,-30.22860761585678,241.57585129823795,175.0244464106726,271.8044589140947,True,627
2026-08-15-k-dimension-gsa-det-cbd-moment-v1,768,134,1402,717,1401,1.0026207225103831,-29.70462238105118,241.53919872889796,176.13735207499184,271.2438211099491,True,627
2026-08-15-k-dimension-gsa-det-cbd-moment-v1,768,135,1401,717,1400,1.0026207225103831,-29.18638230247379,241.53816933531817,177.2563173088471,270.72455163779193,True,627
2026-08-15-k-dimension-gsa-det-cbd-moment-v1,768,136,1400,717,1399,1.0026207225103831,-28.673870910264533,241.53713920671967,178.36914118321076,270.2110101169842,True,627
2026-08-15-k-dimension-gsa-det-cbd-moment-v1,768,137,1399,717,1398,1.0026207225103831,-28.16707141896363,241.5361083420521,179.481886816001,269.70317976101575,True,627
2026-08-15-k-dimension-gsa-det-cbd-moment-v1,768,138,1398,718,1397,1.002618027942986,-27.373067971293096,241.82707674026278,180.59461768875804,269.2001447115559,True,628
2026-08-15-k-dimension-gsa-det-cbd-moment-v1,768,139,1397,716,1395,1.0026234232821245,-27.46237164426977,241.2420444002968,181.7073246549905,268.7044160445666,True,628
2026-08-15-k-dimension-gsa-det-cbd-moment-v1,768,140,1396,715,1393,1.0026261302805748,-27.259561774683835,240.94901132109703,182.82003097654842,268.2085730957809,True,628
2026-08-15-k-dimension-gsa-det-cbd-moment-v1,768,141,1395,713,1391,1.0026315630476124,-27.349257307863706,240.36397750160393,183.93266654240597,267.7132348094676,True,628
2026-08-15-k-dimension-gsa-det-cbd-moment-v1,768,142,1394,713,1389,1.0026315630476124,-26.856299490950715,240.3629429407558,185.0452733763459,267.2192424317065,True,628
2026-08-15-k-dimension-gsa-det-cbd-moment-v1,768,143,1393,712,1388,1.0026342888614823,-26.655662714686176,240.06990763748863,186.1578660707672,266.7255703521748,True,628
2026-08-15-k-dimension-gsa-det-cbd-moment-v1,768,144,1392,712,1386,1.0026342888614823,-26.170394663069825,240.0688715907361,187.27045657703616,266.2392662538059,True,629
2026-08-15-k-dimension-gsa-det-cbd-moment-v1,768,145,1391,711,1385,1.0026370209926272,-25.972526233906883,239.7758347994296,188.3889047939935,265.7483610333365,True,629
2026-08-15-k-dimension-gsa-det-cbd-moment-v1,768,146,1390,711,1384,1.0026370209926272,-25.494763675424544,239.77479726249823,189.50137556803057,265.2695609379228,True,629
2026-08-15-k-dimension-gsa-det-cbd-moment-v1,768,147,1389,704,1377,1.002656324734169,-27.014075061549484,237.76538288859948,190.61375513101564,264.779457950149,True,629
2026-08-15-k-dimension-gsa-det-cbd-moment-v1,768,148,1388,703,1376,1.0026591082383234,-26.81241135729258,237.47234385719634,191.7262638399817,264.28475521448894,True,629
2026-08-15-k-dimension-gsa-det-cbd-moment-v1,768,149,1387,701,1373,1.0026646948537525,-26.903544772958337,236.88730407694166,192.83861434069883,263.79084884990004,True,629
2026-08-15-k-dimension-gsa-det-cbd-moment-v1,768,150,1386,700,1371,1.002667498013086,-26.702363911643374,236.5942635467553,193.95102579944432,263.2966274583989,True,630
2026-08-15-k-dimension-gsa-det-cbd-moment-v1,768,151,1385,699,1369,1.0026703077724055,-26.501972145460307,236.30122226555463,195.0634359843275,262.8031944110155,True,630
2026-08-15-k-dimension-gsa-det-cbd-moment-v1,768,152,1384,699,1368,1.0026703077724055,-26.01415569819679,236.3001802322548,196.17584989346437,262.3143359304528,True,630
2026-08-15-k-dimension-gsa-det-cbd-moment-v1,768,153,1383,698,1366,1.0026731241560427,-25.816566811897562,236.00713744576856,197.28808781384487,261.8237042576693,True,630
2026-08-15-k-dimension-gsa-det-cbd-moment-v1,768,154,1382,698,1365,1.0026731241560427,-25.336505031901616,236.0060939050063,198.40602854082326,261.34259893691484,True,630
2026-08-15-k-dimension-gsa-det-cbd-moment-v1,768,155,1381,697,1363,1.0026759471884517,-25.141720634100977,235.71304960887613,199.51828885245706,260.85477024299547,True,630
2026-08-15-k-dimension-gsa-det-cbd-moment-v1,768,156,1380,691,1358,1.002693026392171,-26.375972042417523,233.9947699744443,200.63045798309574,260.37074201699227,True,631
2026-08-15-k-dimension-gsa-det-cbd-moment-v1,768,157,1379,690,1356,1.002695896661148,-26.17653142849482,233.70172416429273,201.74267666309143,259.8782555931331,True,631
2026-08-15-k-dimension-gsa-det-cbd-moment-v1,768,158,1378,688,1354,1.0027016577714145,-26.26848463398856,233.11667759548305,202.85486067678664,259.38516223059224,True,631
2026-08-15-k-dimension-gsa-det-cbd-moment-v1,768,159,1377,687,1352,1.0027045486640178,-26.06933996114296,232.8236302669137,203.96703843934503,258.8929702310248,True,631
2026-08-15-k-dimension-gsa-det-cbd-moment-v1,768,160,1376,686,1350,1.0027074464826957,-25.870987820158998,232.53058217748085,205.07916381458,258.4015700055008,True,631
2026-08-15-k-dimension-gsa-det-cbd-moment-v1,768,161,1375,686,1349,1.0027074464826957,-25.386411833468532,232.52953332607814,206.19130137537564,257.91594517655165,True,632
2026-08-15-k-dimension-gsa-det-cbd-moment-v1,768,162,1374,685,1347,1.0027103512534334,-25.190881688180355,232.23648371159683,207.30345727267314,257.42736544481585,True,632
2026-08-15-k-dimension-gsa-det-cbd-moment-v1,768,163,1373,684,1345,1.0027132630023499,-24.996145881330904,231.94343333292585,208.41546732726334,256.9395793335322,True,632
2026-08-15-k-dimension-gsa-det-cbd-moment-v1,768,164,1372,684,1344,1.0027132630023499,-24.521437961592166,231.94238218895157,209.53293244534154,256.46382040951875,True,632
2026-08-15-k-dimension-gsa-det-cbd-moment-v1,768,165,1371,678,1339,1.0027308815172338,-25.75199792567786,230.22327761048132,210.64489381419477,255.97527737902396,True,632
2026-08-15-k-dimension-gsa-det-cbd-moment-v1,768,166,1370,676,1336,1.0027368113869586,-25.84553766990677,229.63822493255,211.75684036591318,255.4837685774927,True,632
2026-08-15-k-dimension-gsa-det-cbd-moment-v1,768,167,1369,675,1334,1.0027397871372115,-25.647669568174997,229.34517148596,212.86886454843872,254.99285687789003,True,633
2026-08-15-k-dimension-gsa-det-cbd-moment-v1,768,168,1368,674,1332,1.0027427701343412,-25.45059654549373,229.052117269588,213.98077113828822,254.50275571768177,True,633
2026-08-15-k-dimension-gsa-det-cbd-moment-v1,768,169,1367,673,1331,1.0027457604059884,-25.25413139121818,228.75906228230815,215.0927172583934,254.01330463649163,True,633
2026-08-15-k-dimension-gsa-det-cbd-moment-v1,768,170,1366,673,1329,1.0027457604059884,-24.772867220324123,228.7580065229922,216.2046349929843,253.5311137354676,True,633
2026-08-15-k-dimension-gsa-det-cbd-moment-v1,768,171,1365,672,1328,1.0027487579799377,-24.57922838804838,228.4649499905093,217.31650649191022,253.0448138016543,True,633
2026-08-15-k-dimension-gsa-det-cbd-moment-v1,768,172,1364,672,1327,1.0027487579799377,-24.105740568993657,228.46389268372627,218.42836521225013,252.57100720905314,True,634
2026-08-15-k-dimension-gsa-det-cbd-moment-v1,768,173,1363,671,1325,1.0027517628841183,-23.915093912593786,228.1708346015073,219.54545364918067,252.089577119217,True,634
2026-08-15-k-dimension-gsa-det-cbd-moment-v1,768,174,1362,666,1320,1.002766898346282,-24.853703887388868,226.74294260664936,220.65723435896234,251.61773355370337,True,634
2026-08-15-k-dimension-gsa-det-cbd-moment-v1,768,175,1361,670,1322,1.0027547751466057,-23.26170741978203,227.8767161062061,221.76902044154724,251.15919392939523,True,634
2026-08-15-k-dimension-gsa-det-cbd-moment-v1,768,176,1360,670,1321,1.0027547751466057,-22.80400473008099,227.8756556908398,222.88085047496924,250.72421223311295,True,635
2026-08-15-k-dimension-gsa-det-cbd-moment-v1,768,177,1359,669,1319,1.0027577947956217,-22.61904682332663,227.58259449546946,223.992505974762,250.3167248729609,True,635
2026-08-15-k-dimension-gsa-det-cbd-moment-v1,768,178,1358,671,1319,1.0027517628841183,-21.64535558964616,228.16553251894683,225.10426001456733,249.9741321553369,True,635
2026-08-15-k-dimension-gsa-det-cbd-moment-v1,768,179,1357,673,1319,1.0027457604059884,-20.702037352926478,228.74846976012094,226.2160297055816,249.68052082776273,True,635
2026-08-15-k-dimension-gsa-det-cbd-moment-v1,768,180,1356,676,1320,1.0027368113869586,-19.547066021568867,229.5894588859151,227.32767064221133,249.40975833423897,True,635
2026-08-15-k-dimension-gsa-det-cbd-moment-v1,768,181,1355,679,1321,1.0027279273431915,-18.440063333920193,230.46439455902,228.43936022340586,249.22141375275538,True,636
2026-08-15-k-dimension-gsa-det-cbd-moment-v1,768,182,1354,683,1323,1.0027161817556978,-17.161226101714732,231.59656402819306,229.5510109374746,249.07072194751237,True,636
2026-08-15-k-dimension-gsa-det-cbd-moment-v1,768,183,1353,685,1323,1.0027103512534334,-16.36533363313055,232.17949812859462,230.66765138350314,248.97849851553505,True,636
2026-08-15-k-dimension-gsa-det-cbd-moment-v1,768,184,1352,688,1324,1.0027016577714145,-15.39528727060279,233.05443144090026,231.7792663516938,248.94866177988,True,636
2026-08-15-k-dimension-gsa-det-cbd-moment-v1,768,185,1351,691,1325,1.002693026392171,-14.468571993749105,233.89374005421305,232.89082270619002,248.94630275467492,True,637
2026-08-15-k-dimension-gsa-det-cbd-moment-v1,768,186,1350,694,1326,1.0026844564247042,-13.584026537799573,234.76867178682556,234.00235133547562,249.01983203358145,True,637
2026-08-15-k-dimension-gsa-det-cbd-moment-v1,768,187,1349,697,1327,1.0026759471884517,-12.740490157040517,235.60707685181052,235.11388956088695,249.1219461325634,True,637
2026-08-15-k-dimension-gsa-det-cbd-moment-v1,768,188,1348,700,1328,1.002667498013086,-11.936803322533924,236.4820070000441,236.22540214934895,249.2962055181996,True,637
2026-08-15-k-dimension-gsa-det-cbd-moment-v1,768,189,1347,705,1331,1.002653547733882,-10.862696589804203,237.90346164890587,237.33693170601384,249.51052514028441,True,637
2026-08-15-k-dimension-gsa-det-cbd-moment-v1,768,190,1346,707,1331,1.0026480131501025,-10.296868848562692,238.4863902080539,238.44845834156297,249.76441778459656,True,638
2026-08-15-k-dimension-gsa-det-cbd-moment-v1,768,191,1345,710,1332,1.0026397594639693,-9.613487729425628,239.36131797088757,239.55993437011966,250.07752915395187,True,638
2026-08-15-k-dimension-gsa-det-cbd-moment-v1,768,192,1344,714,1333,1.002628843528209,-8.834366693091535,240.48977078840772,240.67609056295785,250.42030311139004,True,638
2026-08-15-k-dimension-gsa-det-cbd-moment-v1,768,193,1343,717,1334,1.0026207225103831,-8.226892150685103,241.36469695505636,241.78772934895872,250.81855546193287,True,638
2026-08-15-k-dimension-gsa-det-cbd-moment-v1,768,194,1342,721,1336,1.0026099812448455,-7.5364500547593,242.49209395764248,242.89916659123193,251.24639046772765,True,639
2026-08-15-k-dimension-gsa-det-cbd-moment-v1,768,195,1341,724,1337,1.0026019895910845,-6.9992929015379834,243.3670185233468,244.0105863645083,251.72368761403465,True,639
2026-08-15-k-dimension-gsa-det-cbd-moment-v1,768,196,1340,727,1338,1.0025940523952719,-6.492095612606427,244.24194228678743,245.12194176470487,252.24011912798952,True,639
2026-08-15-k-dimension-gsa-det-cbd-moment-v1,768,197,1339,729,1338,1.002588790900061,-6.110285098924021,244.82486524676662,246.2331919431244,252.80474197762652,True,639
2026-08-15-k-dimension-gsa-det-cbd-moment-v1,768,198,1338,730,1337,1.002586169079458,-5.839040087618785,245.07514541758644,247.34463423654495,253.45558204683687,True,640
2026-08-15-k-dimension-gsa-det-cbd-moment-v1,768,199,1337,730,1336,1.002586169079458,-5.667920033130119,245.07406676703832,248.45593393009744,254.25601022573449,True,640
2026-08-15-k-dimension-gsa-det-cbd-moment-v1,768,200,1336,730,1335,1.002586169079458,-5.500416136755407,245.072987309419,249.5672021226473,255.13025359487852,True,640
2026-08-15-k-dimension-gsa-det-cbd-moment-v1,768,201,1335,730,1334,1.002586169079458,-5.336488544927313,245.07190704351987,250.68317077061155,256.0488746642705,True,640
2026-08-15-k-dimension-gsa-det-cbd-moment-v1,768,202,1334,731,1333,1.0025835531821625,-5.091144867012864,245.36282596812956,251.79443187826962,256.90219420604035,True,641
2026-08-15-k-dimension-gsa-det-cbd-moment-v1,768,203,1333,731,1332,1.0025835531821625,-4.936214017892043,245.36174408203394,252.90567339486844,257.84959759274204,True,641
2026-08-15-k-dimension-gsa-det-cbd-moment-v1,768,204,1332,731,1331,1.0025835531821625,-4.784712383057738,245.36066138401623,254.01684559978838,258.80512960697365,True,641
2026-08-15-k-dimension-gsa-det-cbd-moment-v1,768,205,1331,732,1330,1.0025809431872805,-4.558603802067683,245.65157787285685,255.12806737805215,259.6886949554621,True,642
2026-08-15-k-dimension-gsa-det-cbd-moment-v1,768,206,1330,732,1329,1.0025809431872805,-4.415705857236206,245.65049354733353,256.2392078344307,260.6558502028256,True,642
2026-08-15-k-dimension-gsa-det-cbd-moment-v1,768,207,1329,732,1328,1.0025809431872805,-4.276087981112061,245.64940840622114,257.35035631807125,261.6268775835528,True,642
2026-08-15-k-dimension-gsa-det-cbd-moment-v1,768,208,1328,732,1327,1.0025809431872805,-4.1397087979716884,245.6483224482919,258.46148760863116,262.6013968525667,True,642
2026-08-15-k-dimension-gsa-det-cbd-moment-v1,768,209,1327,733,1326,1.0025783390740182,-3.936901409132914,245.8974154966205,259.57262028330035,263.5096319760758,True,643
2026-08-15-k-dimension-gsa-det-cbd-moment-v1,768,210,1326,733,1325,1.0025783390740182,-3.8086198116443177,245.8963279013629,260.6837235273854,264.4923943563001,True,643
2026-08-15-k-dimension-gsa-det-cbd-moment-v1,768,211,1325,733,1324,1.0025783390740182,-3.6834256138172425,245.89523948558823,261.7993313371689,265.48278047775557,True,643
2026-08-15-k-dimension-gsa-det-cbd-moment-v1,768,212,1324,734,1323,1.0025757408216813,-3.497798053414428,246.18615024805754,262.91038742996136,266.40819880862955,True,644
2026-08-15-k-dimension-gsa-det-cbd-moment-v1,768,213,1323,734,1322,1.0025757408216813,-3.3803014338762005,246.185060187529,264.0214405459312,267.40174814416906,True,644
2026-08-15-k-dimension-gsa-det-cbd-moment-v1,768,214,1322,734,1321,1.0025757408216813,-3.2657397935116736,246.18396930275802,265.13246724880935,268.3982098940474,True,644
2026-08-15-k-dimension-gsa-det-cbd-moment-v1,768,215,1321,734,1320,1.0025757408216813,-3.154070822411062,246.18287759249714,266.24347509385365,269.39754723553193,True,644
2026-08-15-k-dimension-gsa-det-cbd-moment-v1,768,216,1320,735,1319,1.002573148409675,-2.989120947223734,246.47378505549614,267.3544688713761,270.34359056584356,True,645
2026-08-15-k-dimension-gsa-det-cbd-moment-v1,768,217,1319,735,1318,1.002573148409675,-2.884637640425035,246.47269169050188,268.4654329424019,271.35007092852715,True,645
2026-08-15-k-dimension-gsa-det-cbd-moment-v1,768,218,1318,735,1317,1.002573148409675,-2.7828937271478518,246.47159749625837,269.57641939765625,272.3593132847341,True,645
2026-08-15-k-dimension-gsa-det-cbd-moment-v1,768,219,1317,736,1316,1.0025705618175025,-2.633066780477699,246.76250247150685,270.6872956770633,273.32036254813386,True,646
2026-08-15-k-dimension-gsa-det-cbd-moment-v1,768,220,1316,736,1315,1.0025705618175025,-2.5381074802176653,246.76140661498556,271.8027166889459,274.3408242109455,True,646
2026-08-15-k-dimension-gsa-det-cbd-moment-v1,768,221,1315,736,1314,1.0025705618175025,-2.4457342574806424,246.76030992543,272.91344650898327,275.35918078579675,True,646
2026-08-15-k-dimension-gsa-det-cbd-moment-v1,768,222,1314,736,1313,1.0025705618175025,-2.3559045641583243,246.75921240157265,274.0244391974701,276.3803437705722,True,646
2026-08-15-k-dimension-gsa-det-cbd-moment-v1,768,223,1313,737,1312,1.0025679810247652,-2.2241458424703406,247.00704532025134,275.13532387067283,277.35946971806044,True,647
2026-08-15-k-dimension-gsa-det-cbd-moment-v1,768,224,1312,737,1311,1.0025679810247652,-2.1405911386250245,247.0059461239765,276.2461508994787,278.38674204037886,True,647
2026-08-15-k-dimension-gsa-det-cbd-moment-v1,768,225,1311,737,1310,1.0025679810247652,-2.0594272752119567,247.00484608958018,277.3570081914856,279.41643546775015,True,647
2026-08-15-k-dimension-gsa-det-cbd-moment-v1,768,226,1310,738,1309,1.0025654060111617,-1.9407638975995445,247.29574521578326,278.4678979073308,280.40866180552655,True,648
2026-08-15-k-dimension-gsa-det-cbd-moment-v1,768,227,1309,738,1308,1.0025654060111617,-1.8654796119443908,247.29464350130368,279.5787034256779,281.44418303789814,True,648
2026-08-15-k-dimension-gsa-det-cbd-moment-v1,768,228,1308,738,1307,1.0025654060111617,-1.7924346530191135,247.29354094485652,280.6895328759176,282.4819675290643,True,648
2026-08-15-k-dimension-gsa-det-cbd-moment-v1,768,229,1307,739,1306,1.0025628367564874,-1.6859940994105385,247.58443754515386,281.80036105244335,283.4863551519262,True,649
2026-08-15-k-dimension-gsa-det-cbd-moment-v1,768,230,1306,739,1305,1.0025628367564874,-1.618438133181725,247.58333330090488,282.9153979981722,284.53383613138726,True,649
2026-08-15-k-dimension-gsa-det-cbd-moment-v1,768,231,1305,739,1304,1.0025628367564874,-1.5529717154084866,247.58222821081569,284.0261727093442,285.5791444247682,True,649
2026-08-15-k-dimension-gsa-det-cbd-moment-v1,768,232,1304,740,1303,1.0025602732406336,-1.4578969746833015,247.87312227358953,285.13694656567674,286.5948435403688,True,650
2026-08-15-k-dimension-gsa-det-cbd-moment-v1,768,233,1303,740,1302,1.0025602732406336,-1.3975351996812508,247.87201548792657,286.24766405879234,287.64519925847765,True,650
2026-08-15-k-dimension-gsa-det-cbd-moment-v1,768,234,1302,740,1301,1.0025602732406336,-1.3391154996698533,247.87090785252408,287.3583681003943,288.697483600066,True,650
2026-08-15-k-dimension-gsa-det-cbd-moment-v1,768,235,1301,741,1300,1.0025577154435876,-1.254567992196988,248.1174052467178,288.4691102932662,289.72367828546425,True,651
2026-08-15-k-dimension-gsa-det-cbd-moment-v1,768,236,1300,741,1299,1.0025577154435876,-1.2008762363970291,248.1162959079158,289.57979983883433,290.78067607523184,True,651
2026-08-15-k-dimension-gsa-det-cbd-moment-v1,768,237,1299,741,1298,1.0025577154435876,-1.1489819592516008,248.11518571544786,290.69046557351385,291.8394475327657,True,651
2026-08-15-k-dimension-gsa-det-cbd-moment-v1,768,238,1298,742,1297,1.002555163345431,-1.074144434959829,248.40607466799912,291.8011706471844,292.8753150821443,True,652
2026-08-15-k-dimension-gsa-det-cbd-moment-v1,768,239,1297,742,1296,1.002555163345431,-1.0266104619836471,248.40496276425168,292.9159116140787,293.9425220760624,True,652
2026-08-15-k-dimension-gsa-det-cbd-moment-v1,768,240,1296,742,1295,1.002555163345431,-0.9807328167153265,248.4038500028846,294.0265507704176,295.0072835871329,True,652
2026-08-15-k-dimension-gsa-det-cbd-moment-v1,768,241,1295,743,1294,1.0025526169263403,-0.9148121915180397,248.69473638257392,295.1372828056066,296.05209499712464,True,653
2026-08-15-k-dimension-gsa-det-cbd-moment-v1,768,242,1294,743,1293,1.0025526169263403,-0.8729376486090605,248.69362190199251,296.2477826128383,297.1207202614474,True,653
2026-08-15-k-dimension-gsa-det-cbd-moment-v1,768,243,1293,743,1292,1.0025526169263403,-0.832582284438951,248.69250655981025,297.35823368695657,298.1908159713955,True,653
2026-08-15-k-dimension-gsa-det-cbd-moment-v1,768,244,1292,744,1291,1.002550076166586,-0.7748123751932386,248.9833903546939,298.468873711834,299.24368608702724,True,654
2026-08-15-k-dimension-gsa-det-cbd-moment-v1,768,245,1291,744,1290,1.002550076166586,-0.7381146824651688,248.98227328530717,299.57952624934643,300.3176409318116,True,654
2026-08-15-k-dimension-gsa-det-cbd-moment-v1,768,246,1290,745,1289,1.0025475410465312,-0.6857279703226336,249.22735166069748,300.6900234778537,301.37575144817635,True,655
2026-08-15-k-dimension-gsa-det-cbd-moment-v1,768,247,1289,745,1288,1.0025475410465312,-0.6524476747145735,249.22623285874852,301.80053926651857,302.4529869412331,True,655
2026-08-15-k-dimension-gsa-det-cbd-moment-v1,768,248,1288,745,1287,1.0025475410465312,-0.6204618270444007,249.2251131885015,302.9110438645247,303.53150569156907,True,655
2026-08-15-k-dimension-gsa-det-cbd-moment-v1,768,249,1287,746,1286,1.0025450115466323,-0.5749789371283383,249.51599264860758,304.0255512127811,304.60053014990945,True,656
2026-08-15-k-dimension-gsa-det-cbd-moment-v1,768,250,1286,746,1285,1.0025450115466323,-0.5460883360923311,249.51487123771483,305.13601307362416,305.6821014097165,True,656
2026-08-15-k-dimension-gsa-det-cbd-moment-v1,768,251,1285,746,1284,1.0025450115466323,-0.5183685882359826,249.51374895446813,306.246498512565,306.764867100801,True,656
2026-08-15-k-dimension-gsa-det-cbd-moment-v1,768,252,1284,747,1283,1.0025424876474378,-0.4791093514263841,249.80462579750917,307.3569047307162,307.8360140821426,True,657
2026-08-15-k-dimension-gsa-det-cbd-moment-v1,768,253,1283,747,1282,1.0025424876474378,-0.4541776742512166,249.80350176547657,308.46736549191274,308.921543166164,True,657
2026-08-15-k-dimension-gsa-det-cbd-moment-v1,768,254,1282,748,1281,1.0025399693295876,-0.4189729820000241,250.0943768570056,309.57781343556627,309.9967864175663,True,658
2026-08-15-k-dimension-gsa-det-cbd-moment-v1,768,255,1281,748,1280,1.0025399693295876,-0.39661876431374565,250.0932510707285,310.68824377010276,311.0848625344165,True,658
2026-08-15-k-dimension-gsa-det-cbd-moment-v1,768,256,1280,748,1279,1.0025399693295876,-0.37523701436126417,250.09212440527423,311.8413533100194,312.21659032438066,True,658
2026-08-15-k-dimension-gsa-det-cbd-moment-v1,768,257,1279,749,1278,1.0025374565738125,-0.3451712272723226,250.3829968592685,312.9517228363163,313.29689406358864,True,659
2026-08-15-k-dimension-gsa-det-cbd-moment-v1,768,258,1278,749,1277,1.0025374565738125,-0.32608779171681207,250.38186843133388,314.0659549637765,314.3920427554933,True,659
2026-08-15-k-dimension-gsa-det-cbd-moment-v1,768,259,1277,750,1276,1.0025349493609346,-0.2993378513043712,250.62543340531124,315.17629925778476,315.4756371090891,True,660
2026-08-15-k-dimension-gsa-det-cbd-moment-v1,768,260,1276,750,1275,1.0025349493609346,-0.2823632464595684,250.62430320937338,316.2866423939508,316.56900564041035,True,660
2026-08-15-k-dimension-gsa-det-cbd-moment-v1,768,261,1275,750,1274,1.0025349493609346,-0.26618185526856386,250.62317212735474,317.3969318106718,317.66311366594033,True,660
2026-08-15-k-dimension-gsa-det-cbd-moment-v1,768,262,1274,751,1273,1.0025324476718651,-0.24359927706307724,250.9140401578648,318.5072944406651,318.75089371772816,True,661
2026-08-15-k-dimension-gsa-det-cbd-moment-v1,768,263,1273,751,1272,1.0025324476718651,-0.22927765529561847,250.91290729950984,319.61749413724425,319.84677179253987,True,661
2026-08-15-k-dimension-gsa-det-cbd-moment-v1,768,264,1272,752,1271,1.0025299514876054,-0.20935614107560344,251.20377355089286,320.7278077014838,320.9371638425594,True,662
2026-08-15-k-dimension-gsa-det-cbd-moment-v1,768,265,1271,752,1270,1.0025299514876054,-0.19672704562033966,251.20263891061344,321.8381015565615,322.03482860218185,True,662
2026-08-15-k-dimension-gsa-det-cbd-moment-v1,768,266,1270,752,1269,1.0025299514876054,-0.18473228694365065,251.20150337726804,322.94835169132995,323.1330839782736,True,662
2026-08-15-k-dimension-gsa-det-cbd-moment-v1,768,267,1269,753,1268,1.002527460789245,-0.16812430349573237,251.4923669494496,324.0585707593935,324.22669506288923,True,663
2026-08-15-k-dimension-gsa-det-cbd-moment-v1,768,268,1268,753,1267,1.002527460789245,-0.15760425926091368,251.4912296257479,325.17256423463056,325.33016849389145,True,663
2026-08-15-k-dimension-gsa-det-cbd-moment-v1,768,269,1267,754,1266,1.0025249755579626,-0.14308830146941587,251.7820914047493,326.2827414404842,326.4258297419536,True,664
2026-08-15-k-dimension-gsa-det-cbd-moment-v1,768,270,1266,754,1265,1.0025249755579626,-0.13389841305448785,251.78095228503685,327.3929728038568,327.52687121691133,True,664
2026-08-15-k-dimension-gsa-det-cbd-moment-v1,768,271,1265,755,1264,1.0025224957750245,-0.12126237722148878,252.02290266470922,328.503165289099,328.6244276663205,True,665
2026-08-15-k-dimension-gsa-det-cbd-moment-v1,768,272,1264,755,1263,1.0025224957750245,-0.11326754053777131,252.02176174330467,329.6133572923505,329.72662483288826,True,665
2026-08-15-k-dimension-gsa-det-cbd-moment-v1,768,273,1263,756,1262,1.002520021421784,-0.1023140780465912,252.31261991891512,330.7235823875415,330.82589646558813,True,666
2026-08-15-k-dimension-gsa-det-cbd-moment-v1,768,274,1262,756,1261,1.002520021421784,-0.0953885383754707,252.3114771901101,331.83373391437067,331.9291224527461,True,666
2026-08-15-k-dimension-gsa-det-cbd-moment-v1,768,275,1261,756,1260,1.002520021421784,-0.08886055196732115,252.31033355545577,332.94392123219626,333.0327817841636,True,666
2026-08-15-k-dimension-gsa-det-cbd-moment-v1,768,276,1260,757,1259,1.0025175524796817,-0.07996198052411602,252.60118901351484,334.0540290337232,334.13399101424733,True,667
2026-08-15-k-dimension-gsa-det-cbd-moment-v1,768,277,1259,757,1258,1.0025175524796817,-0.07434265406621611,252.60004356284657,335.16789708231545,335.2422397363817,True,667
2026-08-15-k-dimension-gsa-det-cbd-moment-v1,768,278,1258,758,1257,1.0025150889302445,-0.06671157479604542,252.89089720200684,336.2779069173615,336.34461849215757,True,668
2026-08-15-k-dimension-gsa-det-cbd-moment-v1,768,279,1257,758,1256,1.0025150889302445,-0.06189681862519911,252.88974992954806,337.38816058320765,337.45005740183285,True,668
2026-08-15-k-dimension-gsa-det-cbd-moment-v1,768,280,1256,759,1255,1.0025126307550847,-0.055383509726221636,253.18060174401919,338.498241819853,338.5536253295792,True,669
2026-08-15-k-dimension-gsa-det-cbd-moment-v1,768,281,1255,759,1254,1.0025126307550847,-0.05127788200341717,253.1794526439657,339.608327453227,339.6596053352304,True,669
2026-08-15-k-dimension-gsa-det-cbd-moment-v1,768,282,1254,760,1253,1.0025101779359005,-0.045745699805721435,253.4703026279296,340.71841287178023,340.76415857158594,True,670
2026-08-15-k-dimension-gsa-det-cbd-moment-v1,768,283,1253,760,1252,1.0025101779359005,-0.04226210331528905,253.41852562137944,341.8284876561811,341.8707497594964,True,670
2026-08-15-k-dimension-gsa-det-cbd-moment-v1,768,284,1252,761,1251,1.0025077304544745,-0.03758693850598799,253.70937376899022,342.9385119230391,342.97609886154504,True,671
2026-08-15-k-dimension-gsa-det-cbd-moment-v1,768,285,1251,761,1250,1.0025077304544745,-0.03464628154129743,253.70822099622342,344.0485946021904,344.0832408837317,True,671
2026-08-15-k-dimension-gsa-det-cbd-moment-v1,768,286,1250,762,1249,1.002505288292674,-0.03071596974673935,253.99906730160706,345.15862673392644,345.18934270367316,True,672
2026-08-15-k-dimension-gsa-det-cbd-moment-v1,768,287,1249,762,1248,1.002505288292674,-0.028246795536697723,253.99791268366556,346.2722259402583,346.300472735795,True,672
2026-08-15-k-dimension-gsa-det-cbd-moment-v1,768,288,1248,763,1247,1.0025028514324494,-0.024960489482848205,254.28875714091984,347.3822087488364,347.4071692383192,True,673
2026-08-15-k-dimension-gsa-det-cbd-moment-v1,768,289,1247,763,1246,1.0025028514324494,-0.02289857900264656,254.28760067188728,348.4922037773673,348.51510235636994,True,673
2026-08-15-k-dimension-gsa-det-cbd-moment-v1,768,290,1246,764,1245,1.0025004198558352,-0.020166089908057957,254.5784432750816,349.60216967433684,349.6223357642449,True,674
2026-08-15-k-dimension-gsa-det-cbd-moment-v1,768,291,1245,764,1244,1.0025004198558352,-0.018454043214310777,254.57728494901303,350.7121105803051,350.7305646235194,True,674
2026-08-15-k-dimension-gsa-det-cbd-moment-v1,768,292,1244,765,1243,1.0024979935449483,-0.01619515934807392,254.86812569218822,351.82208244829894,351.838277607647,True,675
2026-08-15-k-dimension-gsa-det-cbd-moment-v1,768,293,1243,765,1242,1.0024979935449483,-0.014781960773624937,254.8669655031101,352.9320194743062,352.9468014350798,True,675
2026-08-15-k-dimension-gsa-det-cbd-moment-v1,768,294,1242,766,1241,1.0024955724819884,-0.012925751236655384,255.1578043802781,354.0419290043546,354.05485475559124,True,676
2026-08-15-k-dimension-gsa-det-cbd-moment-v1,768,295,1241,766,1240,1.0024955724819884,-0.011766323867962128,255.10417490229383,355.15187373033257,355.1636400542005,True,676
2026-08-15-k-dimension-gsa-det-cbd-moment-v1,768,296,1240,767,1239,1.0024931566492365,-0.010250435619361382,255.39501190743772,356.2652431654449,356.2754936010642,True,677
2026-08-15-k-dimension-gsa-det-cbd-moment-v1,768,297,1239,767,1238,1.0024931566492365,-0.009305190456332955,255.39384797430407,357.3751521355009,357.38445732595727,True,677
2026-08-15-k-dimension-gsa-det-cbd-moment-v1,768,298,1238,768,1237,1.0024907460290557,-0.00807514640992664,255.68468310137771,358.485054569708,358.4931297161179,True,678
2026-08-15-k-dimension-gsa-det-cbd-moment-v1,768,299,1237,768,1236,1.0024907460290557,-0.007309531474687202,255.6835172871398,359.5949114906759,359.60222102215056,True,678
2026-08-15-k-dimension-gsa-det-cbd-moment-v1,768,300,1236,769,1235,1.0024883406038894,-0.006318037137817366,255.97435053006782,360.70473601969985,360.71105405683767,True,679
2026-08-15-k-dimension-gsa-det-cbd-moment-v1,768,301,1235,769,1234,1.0024883406038894,-0.005702091559525269,255.9731828286355,361.8146100082755,361.820312099835,True,679
2026-08-15-k-dimension-gsa-det-cbd-moment-v1,768,302,1234,770,1233,1.0024859403562616,-0.0049083571906613135,256.26401418131286,362.9244344171362,362.92934277432687,True,680
2026-08-15-k-dimension-gsa-det-cbd-moment-v1,768,303,1233,770,1232,1.0024859403562616,-0.004416274955012769,256.26284458656625,364.03425589762554,364.03867217258056,True,680
2026-08-15-k-dimension-gsa-det-cbd-moment-v1,768,304,1232,771,1231,1.0024835452687766,-0.0037853595888218696,256.55367404285835,365.14406032788366,365.1478456874725,True,681
2026-08-15-k-dimension-gsa-det-cbd-moment-v1,768,305,1231,772,1230,1.0024811553241182,-0.00323642817279017,256.8445025486479,366.25386482158103,366.2571012497538,True,682
2026-08-15-k-dimension-gsa-det-cbd-moment-v1,768,306,1230,772,1229,1.0024811553241182,-0.002897250166975633,256.84333010239004,367.3670917999149,367.36998905008187,True,682
2026-08-15-k-dimension-gsa-det-cbd-moment-v1,768,307,1229,773,1228,1.0024787705050489,-0.00246601119919669,257.07970891851375,368.4768966816946,368.4793626928938,True,683
2026-08-15-k-dimension-gsa-det-cbd-moment-v1,768,308,1228,773,1227,1.0024787705050489,-0.002200186711675352,257.07853456351125,369.5866065186952,369.58880670540685,True,683
2026-08-15-k-dimension-gsa-det-cbd-moment-v1,768,309,1227,773,1226,1.0024787705050489,-0.0019601814615781113,257.07735925180395,370.6962412549489,370.6982014364105,True,684
2026-08-15-k-dimension-gsa-det-cbd-moment-v1,768,310,1226,774,1225,1.0024763907944099,-0.0016573351586368459,257.36818298183186,371.8060442374132,371.80770157257183,True,684
2026-08-15-k-dimension-gsa-det-cbd-moment-v1,768,311,1225,775,1224,1.002474016175121,-0.0013973946867871761,257.659005752031,372.9158016695268,372.91719906421355,True,685
2026-08-15-k-dimension-gsa-det-cbd-moment-v1,768,312,1224,776,1223,1.0024716466301797,-0.0011748972373509929,257.94982756083374,374.0255035183996,374.026678415637,True,686
2026-08-15-k-dimension-gsa-det-cbd-moment-v1,768,313,1223,776,1222,1.0024716466301797,-0.0010386514280198076,257.94864840666844,375.1351862739314,375.13622492535944,True,686
2026-08-15-k-dimension-gsa-det-cbd-moment-v1,768,314,1222,777,1221,1.00246928214266,-0.000868867986276068,258.2394682879598,376.2449214136086,376.2457902815949,True,687
2026-08-15-k-dimension-gsa-det-cbd-moment-v1,768,315,1221,777,1220,1.00246928214266,-0.0007652015466306014,258.2382872031285,377.35794226557977,377.3587074671264,True,687
2026-08-15-k-dimension-gsa-det-cbd-moment-v1,768,316,1220,776,1218,1.0024716466301797,-0.0007107442125434763,257.9451051505913,378.4676252359006,378.4683359801131,True,688
2026-08-15-k-dimension-gsa-det-cbd-moment-v1,768,317,1219,773,1215,1.0024787705050489,-0.0007363805643116843,257.06792212876127,379.5771249730937,379.577861353658,True,688
2026-08-15-k-dimension-gsa-det-cbd-moment-v1,768,318,1218,779,1217,1.0024645682725677,-0.0004623436632558474,258.8187381360474,380.68706146527626,380.6875238089395,True,689
2026-08-15-k-dimension-gsa-det-cbd-moment-v1,768,319,1217,778,1215,1.0024669226957135,-0.0004276746795374297,258.5255531708548,381.79671535336786,381.7971430280474,True,690
2026-08-15-k-dimension-gsa-det-cbd-moment-v1,768,320,1216,773,1211,1.0024787705050489,-0.0004965719427835558,257.06436723158464,382.906186135334,382.9066827072768,True,690
2026-08-15-k-dimension-gsa-det-cbd-moment-v1,768,321,1215,778,1213,1.0024669226957135,-0.00032511807573937576,258.46659678826785,384.0160122502589,384.01633736833463,True,691
2026-08-15-k-dimension-gsa-det-cbd-moment-v1,768,322,1214,778,1211,1.0024669226957135,-0.00028270717801720107,258.4654088960304,385.1256618254584,385.1259445326364,True,692
2026-08-15-k-dimension-gsa-det-cbd-moment-v1,768,323,1213,773,1207,1.0024787705050489,-0.0003296228494171828,257.06080355326156,386.2351644849291,386.2354941077785,True,692
2026-08-15-k-dimension-gsa-det-cbd-moment-v1,768,324,1212,783,1211,1.0024552004851959,-0.000156871454200748,259.92303017324764,387.3481854042344,387.3483422756886,True,693
2026-08-15-k-dimension-gsa-det-cbd-moment-v1,768,325,1211,783,1210,1.0024552004851959,-0.00013517382905595777,259.92183933946905,388.4578055015519,388.45794067538094,True,693
2026-08-15-k-dimension-gsa-det-cbd-moment-v1,768,326,1210,773,1203,1.0024787705050489,-0.00021521673644891504,257.057231050303,389.56728123917014,389.56749645590656,True,694
2026-08-15-k-dimension-gsa-det-cbd-moment-v1,768,327,1209,785,1208,1.0024505463037765,-8.78531890562724e-05,260.50345471902386,390.6770325822883,390.6771204354773,True,695
2026-08-15-k-dimension-gsa-det-cbd-moment-v1,768,328,1208,785,1207,1.0024505463037765,-7.51360997884064e-05,260.5022609290998,391.78658916336116,391.78666429946094,True,695
2026-08-15-k-dimension-gsa-det-cbd-moment-v1,768,329,1207,773,1199,1.0024787705050489,-0.00013810470890953484,256.9970661505297,392.8960748507816,392.8962129554905,True,696
2026-08-15-k-dimension-gsa-det-cbd-moment-v1,768,330,1206,785,1204,1.0024505463037765,-5.461355683371524e-05,260.4998703816748,394.00567627376705,394.00573088732386,True,697
2026-08-15-k-dimension-gsa-det-cbd-moment-v1,768,331,1205,773,1196,1.0024787705050489,-0.00010171974501363304,256.994673620892,395.1150583122973,395.11516003204235,True,697
2026-08-15-k-dimension-gsa-det-cbd-moment-v1,768,332,1204,788,1203,1.002443601805116,-3.209887796062655e-05,261.3145821774808,396.22475889018006,396.224790989058,True,698
2026-08-15-k-dimension-gsa-det-cbd-moment-v1,768,333,1203,783,1199,1.0024552004851959,-3.8148827717746626e-05,259.9122771169508,397.3343153442541,397.33435349308184,True,699
2026-08-15-k-dimension-gsa-det-cbd-moment-v1,768,334,1202,788,1200,1.002443601805116,-2.2815411841982346e-05,261.3121836814323,398.44684567884497,398.4468684942568,True,699
2026-08-15-k-dimension-gsa-det-cbd-moment-v1,768,335,1201,790,1200,1.0024389964671023,-1.663344090891836e-05,261.89498293642674,399.55654475789913,399.55656139134004,True,700
2026-08-15-k-dimension-gsa-det-cbd-moment-v1,768,336,1200,758,1181,1.0025150889302445,-0.00012275739187487248,252.66525840863696,400.6659015065272,400.66602426391904,True,701
2026-08-15-k-dimension-gsa-det-cbd-moment-v1,768,337,1199,788,1196,1.002443601805116,-1.3431247352733008e-05,261.3085784441353,401.77540589229625,401.7754193235436,True,701
2026-08-15-k-dimension-gsa-det-cbd-moment-v1,768,338,1198,791,1197,1.0024367010485422,-8.984653753979072e-06,262.1833746935099,402.8849511723817,402.88496015703544,True,702
2026-08-15-k-dimension-gsa-det-cbd-moment-v1,768,339,1197,788,1193,1.002443601805116,-9.319442994060448e-06,261.3061699376646,403.99423335689727,403.99424267634026,True,703
2026-08-15-k-dimension-gsa-det-cbd-moment-v1,768,340,1196,794,1195,1.0024298436050414,-4.912394735454256e-06,263.05696417491924,405.103879378725,405.10388429111975,True,704
2026-08-15-k-dimension-gsa-det-cbd-moment-v1,768,341,1195,794,1194,1.0024298436050414,-4.0441716535469535e-06,263.05575740358927,406.2133095399125,406.2133135840841,True,704
2026-08-15-k-dimension-gsa-det-cbd-moment-v1,768,342,1194,788,1189,1.002443601805116,-5.2835437164177965e-06,261.3025496219859,407.3226633120364,407.3226685955801,True,705
2026-08-15-k-dimension-gsa-det-cbd-moment-v1,768,343,1193,791,1190,1.0024367010485422,-3.4431090944987443e-06,262.17734082841633,408.4352549322982,408.43525837540733,True,706
2026-08-15-k-dimension-gsa-det-cbd-moment-v1,768,344,1192,788,1187,1.002443601805116,-3.571231782279911e-06,261.3001310211833,409.54448607057407,409.54448964180585,True,706
2026-08-15-k-dimension-gsa-det-cbd-moment-v1,768,345,1191,797,1190,1.0024230290513114,-1.4156485651604496e-06,263.8655196539211,410.6540720852357,410.6540735008843,True,707
2026-08-15-k-dimension-gsa-det-cbd-moment-v1,768,346,1190,797,1189,1.0024230290513114,-1.14593060516624e-06,263.8643078142523,411.7634626338505,411.7634637797811,True,708
2026-08-15-k-dimension-gsa-det-cbd-moment-v1,768,347,1189,788,1182,1.002443601805116,-1.943705411053937e-06,261.2964955004668,412.8727679156195,412.8727698593249,True,709
2026-08-15-k-dimension-gsa-det-cbd-moment-v1,768,348,1188,798,1186,1.002420766992109,-6.835897910418134e-07,264.1538810768578,413.9821521501169,413.9821528337067,True,709
2026-08-15-k-dimension-gsa-det-cbd-moment-v1,768,349,1187,788,1179,1.002443601805116,-1.277083596359626e-06,261.29406672036305,415.0914091046951,415.0914103817787,True,710
2026-08-15-k-dimension-gsa-det-cbd-moment-v1,768,350,1186,801,1185,1.0024140089759634,-3.36436197965511e-07,265.027450250603,416.2009148174626,416.2009151538988,True,711
2026-08-15-k-dimension-gsa-det-cbd-moment-v1,768,351,1185,799,1183,1.002418509636649,-3.189507805192298e-07,264.4422332998426,417.3102617992483,417.31026211819903,True,712
2026-08-15-k-dimension-gsa-det-cbd-moment-v1,768,352,1184,798,1181,1.002420766992109,-2.7652777971471565e-07,264.14901532168597,418.41954394684706,418.4195442233748,True,712
2026-08-15-k-dimension-gsa-det-cbd-moment-v1,768,353,1183,802,1182,1.00241176564041,-1.5202421975623635e-07,265.3157963143968,419.5319148371916,419.5319149892158,True,713
2026-08-15-k-dimension-gsa-det-cbd-moment-v1,768,354,1182,803,1181,1.002409526947942,-1.0874629062610294e-07,265.60657627623453,420.64110429149406,420.64110440024035,True,714
2026-08-15-k-dimension-gsa-det-cbd-moment-v1,768,355,1181,800,1178,1.0024162569696662,-1.1253159539431486e-07,264.72935520545417,421.750502236242,421.75050234877364,True,715
2026-08-15-k-dimension-gsa-det-cbd-moment-v1,768,356,1180,803,1178,1.002409526947942,-6.614879390024501e-08,265.6041331003062,422.859701034254,422.8597011004028,True,716
2026-08-15-k-dimension-gsa-det-cbd-moment-v1,768,357,1179,794,1171,1.0024298436050414,-1.206194124015741e-07,262.9749099590367,423.9691366023976,423.969136723017,True,716
2026-08-15-k-dimension-gsa-det-cbd-moment-v1,768,358,1178,791,1168,1.0024367010485422,-1.249300690324935e-07,262.09768577988746,425.0784172233898,425.0784173483199,True,717
2026-08-15-k-dimension-gsa-det-cbd-moment-v1,768,359,1177,788,1165,1.002443601805116,-1.29434428377737e-07,261.2204605610954,426.1876057470191,426.1876058764536,True,718
2026-08-15-k-dimension-gsa-det-cbd-moment-v1,768,360,1176,793,1167,1.0024321246332244,-6.259860431293803e-08,262.67923430089337,427.29697902116874,427.2969790837673,True,719
2026-08-15-k-dimension-gsa-det-cbd-moment-v1,768,361,1175,788,1162,1.002443601805116,-7.860829790507276e-08,261.21800699750935,428.40609113867913,428.40609121728744,True,720
2026-08-15-k-dimension-gsa-det-cbd-moment-v1,768,362,1174,783,1158,1.0024552004851959,-9.866357916712677e-08,259.7567786491671,429.5184591792838,429.5184592779474,True,720
2026-08-15-k-dimension-gsa-det-cbd-moment-v1,768,363,1173,782,1156,1.002457534979349,-8.440644416741724e-08,259.4635492540855,430.6277254972936,430.6277255817001,True,721
2026-08-15-k-dimension-gsa-det-cbd-moment-v1,768,364,1172,773,1150,1.0024787705050489,-1.552353023369336e-07,256.8957193551434,431.73684591229727,431.73684606753255,True,722
2026-08-15-k-dimension-gsa-det-cbd-moment-v1,768,365,1171,803,1165,1.002409526947942,-5.85804422259983e-09,265.5289569791385,432.84616511331245,432.8461651191705,True,723
2026-08-15-k-dimension-gsa-det-cbd-moment-v1,768,366,1170,788,1155,1.002443601805116,-2.1157956790390348e-08,261.21185477052774,433.95541418069723,433.9554142018552,True,724
2026-08-15-k-dimension-gsa-det-cbd-moment-v1,768,367,1169,758,1137,1.0025150889302445,-3.0535929442483627e-07,252.57091540430636,435.0646247930411,435.0646250984004,True,725
2026-08-15-k-dimension-gsa-det-cbd-moment-v1,768,368,1168,788,1152,1.002443601805116,-1.2175229482170562e-08,261.209386514937,436.1738036852173,436.17380369739254,True,725
2026-08-15-k-dimension-gsa-det-cbd-moment-v1,768,369,1167,758,1135,1.0025150889302445,-1.876678470149315e-07,252.56844503548206,437.28300269552955,437.2830028831974,True,726
2026-08-15-k-dimension-gsa-det-cbd-moment-v1,768,370,1166,762,1135,1.002505288292674,-9.921021988351e-08,253.67631457392164,438.3922344552388,438.39223455444903,True,727
2026-08-15-k-dimension-gsa-det-cbd-moment-v1,768,371,1165,773,1140,1.0024787705050489,-2.5221209082177993e-08,256.8870767402628,439.5013700625047,439.5013700877259,True,728
2026-08-15-k-dimension-gsa-det-cbd-moment-v1,768,372,1164,758,1130,1.0025150889302445,-8.796063420502624e-08,252.564731532683,440.61346138814525,440.6134614761059,True,729
2026-08-15-k-dimension-gsa-det-cbd-moment-v1,768,373,1163,773,1137,1.0024787705050489,-1.447970707903927e-08,256.8845978821943,441.72262823080206,441.7226282452818,True,730
2026-08-15-k-dimension-gsa-det-cbd-moment-v1,768,374,1162,758,1127,1.0025150889302445,-5.206317807567833e-08,252.50335685412568,442.83174366620653,442.8317437182697,True,731
2026-08-15-k-dimension-gsa-det-cbd-moment-v1,768,375,1161,818,1158,1.0023764936875026,-4.1325483269886614e-11,269.8294696796443,443.9409562065185,443.9409562065598,True,732
2026-08-15-k-dimension-gsa-det-cbd-moment-v1,768,376,1160,758,1125,1.0025150889302445,-3.0323041240782406e-08,252.50087159073607,445.05005838749173,445.0500584178148,True,733
2026-08-15-k-dimension-gsa-det-cbd-moment-v1,768,377,1159,743,1115,1.0025526169263403,-1.0702545700721007e-07,248.1785210407812,446.1591499235187,446.1591500305442,True,734
2026-08-15-k-dimension-gsa-det-cbd-moment-v1,768,378,1158,742,1113,1.002555163345431,-9.118617366370972e-08,247.88527572776397,447.2683518956294,447.26835198681556,True,734
2026-08-15-k-dimension-gsa-det-cbd-moment-v1,768,379,1157,736,1108,1.0025705618175025,-1.2822992977680292e-07,246.18861286724857,448.3774078188419,448.37740794707184,True,735
2026-08-15-k-dimension-gsa-det-cbd-moment-v1,768,380,1156,735,1106,1.002573148409675,-1.0935985814800208e-07,245.89536540064177,449.4865972485348,449.48659735789465,True,736
2026-08-15-k-dimension-gsa-det-cbd-moment-v1,768,381,1155,735,1105,1.002573148409675,-8.409973146444226e-08,245.8941168544445,450.59853912626,450.5985392103597,True,737
2026-08-15-k-dimension-gsa-det-cbd-moment-v1,768,382,1154,729,1100,1.002588790900061,-1.1879127905595974e-07,244.14086722678658,451.7075005797125,451.70750069850374,True,738
2026-08-15-k-dimension-gsa-det-cbd-moment-v1,768,383,1153,730,1099,1.002586169079458,-8.244814854235631e-08,244.43161651579285,452.8166914391739,452.81669152162203,True,739
2026-08-15-k-dimension-gsa-det-cbd-moment-v1,768,384,1152,725,1095,1.0025993378369775,-1.05471949553867e-07,242.9703647195834,453.9257211238671,453.92572122933905,True,740
2026-08-15-k-dimension-gsa-det-cbd-moment-v1,768,385,1151,714,1087,1.002628843528209,-2.4597310787468033e-07,239.8115596202957,455.03482338682375,455.0348236327969,True,741
2026-08-15-k-dimension-gsa-det-cbd-moment-v1,768,386,1150,719,1089,1.0026153395576771,-1.1483125652388726e-07,241.2703056479952,456.14388816470324,456.1438882795345,True,742
2026-08-15-k-dimension-gsa-det-cbd-moment-v1,768,387,1149,714,1084,1.002628843528209,-1.470309232325649e-07,239.8090505848096,457.2528027371408,457.25280288417173,True,743
2026-08-15-k-dimension-gsa-det-cbd-moment-v1,768,388,1148,833,1147,1.002344453119633,-2.4025698778611915e-14,274.122835021563,458.3616895556405,458.3616895556405,True,744
2026-08-15-k-dimension-gsa-det-cbd-moment-v1,768,389,1147,835,1146,1.0023402535510704,-1.0891650112970726e-14,274.7055777709032,459.4709189567222,459.4709189567222,True,745
2026-08-15-k-dimension-gsa-det-cbd-moment-v1,768,390,1146,833,1144,1.002344453119633,-9.289936861063267e-15,274.1203194236442,460.57971412720093,460.57971412720093,True,746
2026-08-15-k-dimension-gsa-det-cbd-moment-v1,768,391,1145,836,1144,1.0023381600449204,-3.2034265038149186e-15,274.9950599778716,461.69167094766163,461.69167094766163,True,747
2026-08-15-k-dimension-gsa-det-cbd-moment-v1,768,392,1144,833,1141,1.002344453119633,-3.2034265038149186e-15,274.11779943166573,462.8004769965314,462.8004769965314,True,748
2026-08-15-k-dimension-gsa-det-cbd-moment-v1,768,393,1143,828,1137,1.0023550258992084,-4.805139755722378e-15,272.6565377831018,463.9096303585584,463.9096303585584,True,749
2026-08-15-k-dimension-gsa-det-cbd-moment-v1,768,394,1142,833,1138,1.002344453119633,-1.1211992763352213e-15,274.1152750302502,465.01850010024526,465.01850010024526,True,750
2026-08-15-k-dimension-gsa-det-cbd-moment-v1,768,395,1141,828,1134,1.0023550258992084,-1.601713251907459e-15,272.654011171176,466.12760405762265,466.12760405762265,True,751
2026-08-15-k-dimension-gsa-det-cbd-moment-v1,768,396,1140,833,1135,1.002344453119633,-3.2034265038149176e-16,274.1127462039394,467.23652841885166,467.23652841885166,True,752
2026-08-15-k-dimension-gsa-det-cbd-moment-v1,768,397,1139,824,1128,1.0023635609698358,-1.1211992763352213e-15,271.48348012659545,468.34559179634635,468.34559179634635,True,753
2026-08-15-k-dimension-gsa-det-cbd-moment-v1,768,398,1138,833,1132,1.002344453119633,0.0,274.03621235575014,469.4545273283632,469.4545273283632,True,754
2026-08-15-k-dimension-gsa-det-cbd-moment-v1,768,399,1137,815,1121,1.002383019405149,-2.0822272274796967e-15,268.8529446337796,470.56348938752427,470.56348938752427,True,755
2026-08-15-k-dimension-gsa-det-cbd-moment-v1,768,400,1136,812,1118,1.0023895852015694,-2.082227227479697e-15,267.975675214392,471.6751464990575,471.6751464990575,True,756
2026-08-15-k-dimension-gsa-det-cbd-moment-v1,768,401,1135,818,1119,1.0023764936875026,-3.2034265038149176e-16,269.7264046770656,472.78396483535397,472.78396483535397,True,758
2026-08-15-k-dimension-gsa-det-cbd-moment-v1,768,402,1134,808,1113,1.002398402609271,-1.441541926716713e-15,266.80513301982955,473.89301687851463,473.89301687851463,True,759
2026-08-15-k-dimension-gsa-det-cbd-moment-v1,768,403,1133,818,1116,1.0023764936875026,0.0,269.72386024070784,475.0018798774146,475.0018798774146,True,760
2026-08-15-k-dimension-gsa-det-cbd-moment-v1,768,404,1132,788,1099,1.002443601805116,-1.7138331795409827e-14,261.0329756656106,476.1108334996734,476.1108334996734,True,761
2026-08-15-k-dimension-gsa-det-cbd-moment-v1,768,405,1131,773,1090,1.0024787705050489,-1.2397260569763815e-13,256.71881483262706,477.21976071664733,477.21976071664744,True,762
2026-08-15-k-dimension-gsa-det-cbd-moment-v1,768,406,1130,788,1096,1.002443601805116,-6.086510357248346e-15,261.03042448008125,478.3285991507436,478.3285991507436,True,763
2026-08-15-k-dimension-gsa-det-cbd-moment-v1,768,407,1129,773,1087,1.0024787705050489,-4.805139755722389e-14,256.71626138941025,479.43751168441577,479.4375116844158,True,764
2026-08-15-k-dimension-gsa-det-cbd-moment-v1,768,408,1128,788,1093,1.002443601805116,-2.082227227479697e-15,261.0278687751775,480.5463355599909,480.5463355599909,True,765
2026-08-15-k-dimension-gsa-det-cbd-moment-v1,768,409,1127,773,1084,1.0024787705050489,-1.8099359746554303e-14,256.7137034188095,481.6552334629378,481.6552334629378,True,767
2026-08-15-k-dimension-gsa-det-cbd-moment-v1,768,410,1126,803,1098,1.002409526947942,0.0,265.3349192069676,482.76679610190354,482.76679610190354,True,768
2026-08-15-k-dimension-gsa-det-cbd-moment-v1,768,411,1125,773,1081,1.0024787705050489,-6.567024332820584e-15,256.7111409047417,483.875587006473,483.875587006473,True,769
2026-08-15-k-dimension-gsa-det-cbd-moment-v1,768,412,1124,803,1095,1.002409526947942,0.0,265.3323544151083,484.98457131605767,484.98457131605767,True,770
2026-08-15-k-dimension-gsa-det-cbd-moment-v1,768,413,1123,773,1078,1.0024787705050489,-2.2423985526704426e-15,256.7085738310379,486.0932409076398,486.0932409076398,True,771
2026-08-15-k-dimension-gsa-det-cbd-moment-v1,768,414,1122,771,1075,1.0024835452687766,-1.9220559022889508e-15,256.12328857924604,487.20222399801804,487.20222399801804,True,772
2026-08-15-k-dimension-gsa-det-cbd-moment-v1,768,415,1121,773,1075,1.0024787705050489,-6.406853007629835e-16,256.70600218144267,488.3109729187856,488.3109729187856,True,774
2026-08-15-k-dimension-gsa-det-cbd-moment-v1,768,416,1120,764,1069,1.0025004198558352,-2.242398552670443e-15,254.07671463558225,489.4198895867649,489.4198895867649,True,775
2026-08-15-k-dimension-gsa-det-cbd-moment-v1,768,417,1119,788,1080,1.002443601805116,0.0,261.0163117437551,490.5286578729291,490.5286578729291,True,776
2026-08-15-k-dimension-gsa-det-cbd-moment-v1,768,418,1118,758,1063,1.0025150889302445,-2.4025698778611886e-15,252.3862664289002,491.6374206497515,491.6374206497515,True,777
2026-08-15-k-dimension-gsa-det-cbd-moment-v1,768,419,1117,757,1061,1.0025175524796817,-1.601713251907459e-15,252.0929754265403,492.748891314583,492.748891314583,True,779
2026-08-15-k-dimension-gsa-det-cbd-moment-v1,768,420,1116,758,1060,1.0025150889302445,-8.008566259537295e-16,252.31955293046647,493.8575635737949,493.8575635737949,True,780
2026-08-15-k-dimension-gsa-det-cbd-moment-v1,768,421,1115,750,1054,1.0025349493609346,-1.9220559022889508e-15,250.0463899508647,494.966473265046,494.966473265046,True,781
2026-08-15-k-dimension-gsa-det-cbd-moment-v1,768,422,1114,758,1056,1.0025150889302445,-1.6017132519074588e-16,252.3169651359773,496.0751870716327,496.0751870716327,True,782
2026-08-15-k-dimension-gsa-det-cbd-moment-v1,768,423,1113,745,1048,1.0025475410465312,-1.601713251907459e-15,248.58379983339896,497.18402013204275,497.18402013204275,True,784
2026-08-15-k-dimension-gsa-det-cbd-moment-v1,768,424,1112,741,1045,1.0025577154435876,-1.922055902288951e-15,247.4145030287805,498.2927735881284,498.2927735881284,True,785
2026-08-15-k-dimension-gsa-det-cbd-moment-v1,768,425,1111,736,1040,1.0025705618175025,-2.8830838534334264e-15,246.01460560211024,499.40151547458305,499.40151547458305,True,786
2026-08-15-k-dimension-gsa-det-cbd-moment-v1,768,426,1110,878,1109,1.0022538432413102,0.0,286.97980680248776,500.51020106473595,500.51020106473595,True,788
2026-08-15-k-dimension-gsa-det-cbd-moment-v1,768,427,1109,728,1033,1.002591418664967,-4.32462578015014e-15,243.67600615088287,501.61898426911984,501.61898426911984,True,789
2026-08-15-k-dimension-gsa-det-cbd-moment-v1,768,428,1108,730,1033,1.002586169079458,-1.9220559022889508e-15,244.25870466677034,502.7277238069582,502.7277238069582,True,790
2026-08-15-k-dimension-gsa-det-cbd-moment-v1,768,429,1107,728,1030,1.002591418664967,-1.281370601525967e-15,243.67340200750272,503.83900356018506,503.83900356018506,True,792
2026-08-15-k-dimension-gsa-det-cbd-moment-v1,768,430,1106,714,1021,1.002628843528209,-1.2653534690068935e-14,239.64299186000943,504.9477008517979,504.9477008517979,True,793
2026-08-15-k-dimension-gsa-det-cbd-moment-v1,768,431,1105,863,1094,1.0022831695822485,0.0,282.5932934955291,506.0563251110291,506.0563251110291,True,794
2026-08-15-k-dimension-gsa-det-cbd-moment-v1,768,432,1104,714,1018,1.002628843528209,-4.164454454959394e-15,239.6403806465529,507.1650669924986,507.1650669924986,True,796
2026-08-15-k-dimension-gsa-det-cbd-moment-v1,768,433,1103,848,1084,1.0023133594158213,0.0,278.2931420770337,508.2738056239914,508.2738056239914,True,797
2026-08-15-k-dimension-gsa-det-cbd-moment-v1,768,434,1102,714,1015,1.002628843528209,-1.281370601525967e-15,239.63776469834588,509.38244171073967,509.38244171073967,True,798
2026-08-15-k-dimension-gsa-det-cbd-moment-v1,768,435,1101,699,1006,1.0026703077724055,-1.377473396640416e-14,235.31303847170545,510.4912049495161,510.4912049495161,True,800
2026-08-15-k-dimension-gsa-det-cbd-moment-v1,768,436,1100,848,1079,1.0023133594158213,0.0,278.2892128098543,511.5997270059787,511.5997270059787,True,801
2026-08-15-k-dimension-gsa-det-cbd-moment-v1,768,437,1099,699,1003,1.0026703077724055,-4.32462578015014e-15,235.25383186072395,512.7084370294859,512.7084370294859,True,803
2026-08-15-k-dimension-gsa-det-cbd-moment-v1,768,438,1098,833,1069,1.002344453119633,0.0,273.90658734044746,513.8196273744406,513.8196273744406,True,804
2026-08-15-k-dimension-gsa-det-cbd-moment-v1,768,439,1097,699,1000,1.0026703077724055,-1.281370601525967e-15,235.2512040001779,514.9282223603923,514.9282223603923,True,805
2026-08-15-k-dimension-gsa-det-cbd-moment-v1,768,440,1096,833,1065,1.002344453119633,0.0,273.9039570844028,516.0369845610452,516.0369845610452,True,807
2026-08-15-k-dimension-gsa-det-cbd-moment-v1,768,441,1095,833,1064,1.002344453119633,0.0,273.90264015593084,517.1454638314639,517.1454638314639,True,808
2026-08-15-k-dimension-gsa-det-cbd-moment-v1,768,442,1094,689,990,1.0026987737790318,-1.9220559022889508e-15,232.38383674093365,518.2542526353732,518.2542526353732,True,810
2026-08-15-k-dimension-gsa-det-cbd-moment-v1,768,443,1093,818,1053,1.0023764936875026,0.0,269.59800519911545,519.3627332854055,519.3627332854055,True,811
2026-08-15-k-dimension-gsa-det-cbd-moment-v1,768,444,1092,685,985,1.0027103512534334,-1.281370601525967e-15,231.21319685906093,520.4714615566296,520.4714615566296,True,813
2026-08-15-k-dimension-gsa-det-cbd-moment-v1,768,445,1091,803,1043,1.002409526947942,0.0,265.2153628997672,521.5800409616936,521.5800409616936,True,814
2026-08-15-k-dimension-gsa-det-cbd-moment-v1,768,446,1090,685,982,1.0027103512534334,-3.2034265038149176e-16,231.21055213780537,522.6886678772923,522.6886678772923,True,816
2026-08-15-k-dimension-gsa-det-cbd-moment-v1,768,447,1089,675,975,1.0027397871372115,-1.761884577098205e-15,228.34367574088037,523.7972901168903,523.7972901168903,True,817
2026-08-15-k-dimension-gsa-det-cbd-moment-v1,768,448,1088,685,979,1.0027103512534334,0.0,231.2079025593914,524.9082883624635,524.9082883624635,True,819
2026-08-15-k-dimension-gsa-det-cbd-moment-v1,768,449,1087,663,966,1.002776069405982,-6.406853007629838e-15,224.8894911470849,526.0169145411243,526.0169145411243,True,821
2026-08-15-k-dimension-gsa-det-cbd-moment-v1,768,450,1086,788,1027,1.002443601805116,0.0,260.9027364826917,527.1253726042428,527.1253726042428,True,822
2026-08-15-k-dimension-gsa-det-cbd-moment-v1,768,451,1085,663,963,1.002776069405982,-1.9220559022889508e-15,224.88683424938944,528.2340027019329,528.2340027019329,True,824
2026-08-15-k-dimension-gsa-det-cbd-moment-v1,768,452,1084,793,1027,1.0024321246332244,0.0,262.28607655479743,529.3425552202106,529.3425552202106,True,825
2026-08-15-k-dimension-gsa-det-cbd-moment-v1,768,453,1083,670,963,1.0027547751466057,0.0,226.87570502977178,530.4510642333978,530.4510642333978,True,827
2026-08-15-k-dimension-gsa-det-cbd-moment-v1,768,454,1082,641,946,1.0028454633001427,-2.9791866485478794e-14,218.5094657789544,531.5596465588724,531.5596465588724,True,829
2026-08-15-k-dimension-gsa-det-cbd-moment-v1,768,455,1081,788,1019,1.002443601805116,0.0,260.8220783211782,532.6681298741107,532.6681298741107,True,830
2026-08-15-k-dimension-gsa-det-cbd-moment-v1,768,456,1080,641,943,1.0028454633001427,-9.450108186254013e-15,218.5067965921784,533.7766670936347,533.7766670936347,True,832
2026-08-15-k-dimension-gsa-det-cbd-moment-v1,768,457,1079,773,1009,1.0024787705050489,0.0,256.51340724437534,534.8875996481669,534.8875996481669,True,834
2026-08-15-k-dimension-gsa-det-cbd-moment-v1,768,458,1078,641,940,1.0028454633001427,-2.8830838534334264e-15,218.50412245788007,535.9960876176247,535.9960876176247,True,835
2026-08-15-k-dimension-gsa-det-cbd-moment-v1,768,459,1077,627,931,1.0028916871353113,-2.963169516028805e-14,214.4636931301527,537.1046437553526,537.1046437553526,True,837
2026-08-15-k-dimension-gsa-det-cbd-moment-v1,768,460,1076,909,1067,1.0021958112821976,0.0,295.8063529581651,538.2130797012485,538.2130797012485,True,839
2026-08-15-k-dimension-gsa-det-cbd-moment-v1,768,461,1075,627,928,1.0028916871353113,-9.450108186254013e-15,214.4610115400853,539.3215546652923,539.3215546652923,True,840
2026-08-15-k-dimension-gsa-det-cbd-moment-v1,768,462,1074,758,993,1.0025150889302445,0.0,252.19709570076415,540.4300200600552,540.4300200600552,True,842
2026-08-15-k-dimension-gsa-det-cbd-moment-v1,768,463,1073,627,925,1.0028916871353113,-2.722912528242681e-15,214.45832495636503,541.5384730747039,541.5384730747039,True,844
2026-08-15-k-dimension-gsa-det-cbd-moment-v1,768,464,1072,909,1060,1.0021958112821976,0.0,295.70144411251533,542.6468570393333,542.6468570393333,True,846
2026-08-15-k-dimension-gsa-det-cbd-moment-v1,768,465,1071,627,922,1.0028916871353113,-6.406853007629835e-16,214.45563336035875,543.7554404408543,543.7554404408543,True,847
2026-08-15-k-dimension-gsa-det-cbd-moment-v1,768,466,1070,905,1054,1.0022031120939292,0.0,294.630285676897,544.8639574793309,544.8639574793309,True,849
2026-08-15-k-dimension-gsa-det-cbd-moment-v1,768,467,1069,909,1054,1.0021958112821976,0.0,295.6974010597781,545.9747655866912,545.9747655866912,True,851
2026-08-15-k-dimension-gsa-det-cbd-moment-v1,768,468,1068,909,1053,1.0021958112821976,0.0,295.69605085374513,547.083113762046,547.083113762046,True,853
2026-08-15-k-dimension-gsa-det-cbd-moment-v1,768,469,1067,894,1044,1.0022234708444293,0.0,291.4142350564329,548.1916314381702,548.1916314381702,True,855
2026-08-15-k-dimension-gsa-det-cbd-moment-v1,768,470,1066,888,1040,1.0022347532259583,0.0,289.66088231836767,549.3000872777716,549.3000872777716,True,856
2026-08-15-k-dimension-gsa-det-cbd-moment-v1,768,471,1065,886,1037,1.0022385423996323,0.0,289.07552831072167,550.4085266857163,550.4085266857163,True,858
2026-08-15-k-dimension-gsa-det-cbd-moment-v1,768,472,1064,909,1046,1.0021958112821976,0.0,295.6906373575588,551.5169007680671,551.5169007680671,True,860
2026-08-15-k-dimension-gsa-det-cbd-moment-v1,768,473,1063,878,1030,1.0022538432413102,0.0,286.7368164771396,552.6252909735864,552.6252909735864,True,862
2026-08-15-k-dimension-gsa-det-cbd-moment-v1,768,474,1062,714,953,1.002628843528209,0.0,239.46413000686118,553.733625395787,553.733625395787,True,864
2026-08-15-k-dimension-gsa-det-cbd-moment-v1,768,475,1061,863,1020,1.0022831695822485,0.0,282.4472089409147,554.8420062510987,554.8420062510987,True,866
2026-08-15-k-dimension-gsa-det-cbd-moment-v1,768,476,1060,500,834,1.0034040267850965,-4.924391930926988e-08,177.9734105055076,555.9528438529471,555.952843902191,True,868
2026-08-15-k-dimension-gsa-det-cbd-moment-v1,768,477,1059,858,1015,1.0022931349740978,0.0,280.9844868739923,557.061230695379,557.061230695379,True,870
2026-08-15-k-dimension-gsa-det-cbd-moment-v1,768,478,1058,833,1002,1.002344453119633,0.0,273.77058675336434,558.1695602878574,558.1695602878574,True,872
2026-08-15-k-dimension-gsa-det-cbd-moment-v1,768,479,1057,863,1013,1.0022831695822485,0.0,282.44175966138266,559.2778781719871,559.2778781719871,True,874
2026-08-15-k-dimension-gsa-det-cbd-moment-v1,768,480,1056,848,1005,1.0023133594158213,0.0,278.0603941193584,560.3861798504472,560.3861798504472,True,876
2026-08-15-k-dimension-gsa-det-cbd-moment-v1,768,481,1055,833,997,1.002344453119633,0.0,273.76649012484484,561.4946475489277,561.4946475489277,True,878
2026-08-15-k-dimension-gsa-det-cbd-moment-v1,768,482,1054,570,865,1.003098728146979,-6.086510357248346e-15,198.01094216858218,562.6029707850566,562.6029707850566,True,880
2026-08-15-k-dimension-gsa-det-cbd-moment-v1,768,483,1053,818,986,1.0023764936875026,0.0,269.383752562276,563.7112839746756,563.7112839746756,True,882
2026-08-15-k-dimension-gsa-det-cbd-moment-v1,768,484,1052,570,862,1.003098728146979,-1.6017132519074591e-15,198.00820200623727,564.8195969198247,564.8195969198247,True,884
2026-08-15-k-dimension-gsa-det-cbd-moment-v1,768,485,1051,833,990,1.002344453119633,0.0,273.67354695396216,565.927907444345,565.927907444345,True,886
2026-08-15-k-dimension-gsa-det-cbd-moment-v1,768,486,1050,818,981,1.0023764936875026,0.0,269.3796364538038,567.0385803369344,567.0385803369344,True,888
2026-08-15-k-dimension-gsa-det-cbd-moment-v1,768,487,1049,556,850,1.0031548023281565,-6.246681682439093e-15,193.9567239640196,568.1468638352374,568.1468638352374,True,890
2026-08-15-k-dimension-gsa-det-cbd-moment-v1,768,488,1048,803,971,1.002409526947942,0.0,265.07934800297977,569.2551437859545,569.2551437859545,True,893
2026-08-15-k-dimension-gsa-det-cbd-moment-v1,768,489,1047,556,847,1.0031548023281565,-1.6017132519074591e-15,193.95397072837312,570.3633816698203,570.3633816698203,True,895
2026-08-15-k-dimension-gsa-det-cbd-moment-v1,768,490,1046,984,1044,1.002068217128402,0.0,317.34362963696805,571.471646794789,571.471646794789,True,897
2026-08-15-k-dimension-gsa-det-cbd-moment-v1,768,491,1045,988,1044,1.0020618713212395,0.0,318.51024972768937,572.5798992892725,572.5798992892725,True,899
2026-08-15-k-dimension-gsa-det-cbd-moment-v1,768,492,1044,982,1040,1.002071406334644,0.0,316.756868497291,573.688168131113,573.688168131113,True,901
2026-08-15-k-dimension-gsa-det-cbd-moment-v1,768,493,1043,970,1033,1.0020907735101172,0.0,313.25148594324094,574.7964098333886,574.7964098333886,True,904
2026-08-15-k-dimension-gsa-det-cbd-moment-v1,768,494,1042,971,1031,1.002089144214671,0.0,313.5421020629996,575.9046500295276,575.9046500295276,True,906
2026-08-15-k-dimension-gsa-det-cbd-moment-v1,768,495,1041,986,1036,1.0020650388098973,0.0,317.92071685402055,577.0151852374102,577.0151852374102,True,908
2026-08-15-k-dimension-gsa-det-cbd-moment-v1,768,496,1040,986,1034,1.0020650388098973,0.0,317.9193303137496,578.1234076518914,578.1234076518914,True,910
2026-08-15-k-dimension-gsa-det-cbd-moment-v1,768,497,1039,986,1032,1.0020650388098973,0.0,317.91794243962534,579.2316235965195,579.2316235965195,True,913
2026-08-15-k-dimension-gsa-det-cbd-moment-v1,768,498,1038,963,1021,1.00210225814397,0.0,311.200553229079,580.3399005194448,580.3399005194448,True,915
2026-08-15-k-dimension-gsa-det-cbd-moment-v1,768,499,1037,954,1015,1.0021172318824318,0.0,308.5711626795343,581.4481289353663,581.4481289353663,True,917
2026-08-15-k-dimension-gsa-det-cbd-moment-v1,768,500,1036,955,1014,1.0021155564319801,0.0,308.8617707884076,582.5563254748346,582.5563254748346,True,920
2026-08-15-k-dimension-gsa-det-cbd-moment-v1,768,501,1035,955,1012,1.0021155564319801,0.0,308.86037755310775,583.6645155559398,583.6645155559398,True,922
2026-08-15-k-dimension-gsa-det-cbd-moment-v1,768,502,1034,955,1010,1.0021155564319801,0.0,308.858982971036,584.772699181231,584.772699181231,True,925
2026-08-15-k-dimension-gsa-det-cbd-moment-v1,768,503,1033,932,999,1.0021548533791247,0.0,302.25706425700616,585.8809795217225,585.8809795217225,True,927
2026-08-15-k-dimension-gsa-det-cbd-moment-v1,768,504,1032,932,997,1.0021548533791247,0.0,302.2556669735643,586.9891509317968,586.9891509317968,True,930
2026-08-15-k-dimension-gsa-det-cbd-moment-v1,768,505,1031,924,992,1.0021689057073238,0.0,299.9182683355092,588.0995360653109,588.0995360653109,True,932
2026-08-15-k-dimension-gsa-det-cbd-moment-v1,768,506,1030,924,990,1.0021689057073238,0.0,299.91686834021164,589.2076904282625,589.2076904282625,True,935
2026-08-15-k-dimension-gsa-det-cbd-moment-v1,768,507,1029,924,988,1.0021689057073238,0.0,299.91546698503504,590.3158835373732,590.3158835373732,True,937
2026-08-15-k-dimension-gsa-det-cbd-moment-v1,768,508,1028,913,982,1.002188564076822,0.0,296.70206426733495,591.4241238631192,591.4241238631192,True,938
2026-08-15-k-dimension-gsa-det-cbd-moment-v1,768,509,1027,905,976,1.0022031120939292,0.0,294.36466018445924,592.5322844322435,592.5322844322435,True,937
2026-08-15-k-dimension-gsa-det-cbd-moment-v1,768,510,1026,899,972,1.0022141651859815,0.0,292.71816993766464,593.640429968566,593.640429968566,True,936
2026-08-15-k-dimension-gsa-det-cbd-moment-v1,768,511,1025,894,968,1.0022234708444293,0.0,291.2567631164504,594.7484945608213,594.7484945608213,True,935
2026-08-15-k-dimension-gsa-det-cbd-moment-v1,768,512,1024,894,966,1.0022234708444293,0.0,291.25535492205756,595.8395594790254,595.8395594790254,True,934
2026-08-15-k-dimension-gsa-det-cbd-moment-v1,768,513,1023,888,962,1.0022347532259583,0.0,289.5019453518029,596.9477494208029,596.9477494208029,True,933
2026-08-15-k-dimension-gsa-det-cbd-moment-v1,768,514,1022,909,969,1.0021958112821976,0.0,295.5256191990787,598.058048079095,598.058048079095,True,932
2026-08-15-k-dimension-gsa-det-cbd-moment-v1,768,515,1021,909,967,1.0021958112821976,0.0,295.5242068690189,599.1661284242441,599.1661284242441,True,931
2026-08-15-k-dimension-gsa-det-cbd-moment-v1,768,516,1020,863,946,1.0022831695822485,0.0,282.19770835891643,600.2742594669016,600.2742594669016,True,930
2026-08-15-k-dimension-gsa-det-cbd-moment-v1,768,517,1019,863,944,1.0022831695822485,0.0,282.19629325822336,601.3822527685711,601.3822527685711,True,929
2026-08-15-k-dimension-gsa-det-cbd-moment-v1,768,518,1018,878,949,1.0022538432413102,0.0,286.57487676813327,602.4904243979586,602.4904243979586,True,928
2026-08-15-k-dimension-gsa-det-cbd-moment-v1,768,519,1017,878,947,1.0022538432413102,0.0,286.57345888591504,603.5985254758912,603.5985254758912,True,927
2026-08-15-k-dimension-gsa-det-cbd-moment-v1,768,520,1016,1014,997,1.0020216538896842,0.0,325.9361163054094,604.7065835994872,604.7065835994872,True,926
2026-08-15-k-dimension-gsa-det-cbd-moment-v1,768,521,1015,1015,996,1.002020141774343,0.0,326.0891921069599,605.8146175541231,605.8146175541231,True,925
2026-08-15-k-dimension-gsa-det-cbd-moment-v1,768,522,1014,1013,993,1.0020231685204255,0.0,325.6412735556406,606.9226616924832,606.9226616924832,True,924
2026-08-15-k-dimension-gsa-det-cbd-moment-v1,768,523,1013,833,921,1.002344453119633,0.0,273.5273090544096,608.0306523762962,608.0306523762962,True,923
2026-08-15-k-dimension-gsa-det-cbd-moment-v1,768,524,1012,1012,989,1.0020246856731014,0.0,325.2089216695816,609.1408747376229,609.1408747376229,True,922
2026-08-15-k-dimension-gsa-det-cbd-moment-v1,768,525,1011,1009,986,1.0020292523284255,0.0,324.46899890054027,610.2488960891671,610.2488960891671,True,921
2026-08-15-k-dimension-gsa-det-cbd-moment-v1,768,526,1010,1009,983,1.0020292523284255,0.0,324.33006767252647,611.3569033042426,611.3569033042426,True,920
2026-08-15-k-dimension-gsa-det-cbd-moment-v1,768,527,1009,1007,981,1.0020323094958212,0.0,323.8821420777436,612.4648741645212,612.4648741645212,True,919
2026-08-15-k-dimension-gsa-det-cbd-moment-v1,768,528,1008,1007,979,1.0020323094958212,0.0,323.74320801838724,613.572868506968,613.572868506968,True,918
2026-08-15-k-dimension-gsa-det-cbd-moment-v1,768,529,1007,1006,976,1.0020338419186259,0.0,323.44977606289416,614.6808174704271,614.6808174704271,True,917
2026-08-15-k-dimension-gsa-det-cbd-moment-v1,768,530,1006,1006,974,1.0020338419186259,0.0,323.4483426846929,615.7887989392925,615.7887989392925,True,916
2026-08-15-k-dimension-gsa-det-cbd-moment-v1,768,531,1005,1004,971,1.0020369144759407,0.0,322.8629078809536,616.8967824359487,616.8967824359487,True,915
2026-08-15-k-dimension-gsa-det-cbd-moment-v1,768,532,1004,986,963,1.0020650388098973,0.0,317.74297517258805,618.0046862484113,618.0046862484113,True,914
2026-08-15-k-dimension-gsa-det-cbd-moment-v1,768,533,1003,986,961,1.0020650388098973,0.0,317.74153750924944,619.1147359252113,619.1147359252113,True,913
2026-08-15-k-dimension-gsa-det-cbd-moment-v1,768,534,1002,986,959,1.0020650388098973,0.0,317.74009841183243,620.2226883889829,620.2226883889829,True,912
2026-08-15-k-dimension-gsa-det-cbd-moment-v1,768,535,1001,986,957,1.0020650388098973,0.0,317.73865787747326,621.3306817992432,621.3306817992432,True,911
2026-08-15-k-dimension-gsa-det-cbd-moment-v1,768,536,1000,986,955,1.0020650388098973,0.0,317.73721590329933,622.4387163326671,622.4387163326671,True,910
2026-08-15-k-dimension-gsa-det-cbd-moment-v1,768,537,999,972,947,1.0020875177378408,0.0,313.64777248642963,623.5467066023385,623.5467066023385,True,909
2026-08-15-k-dimension-gsa-det-cbd-moment-v1,768,538,998,968,944,1.002094040587405,0.0,312.47832762397456,624.6546887705704,624.6546887705704,True,908
2026-08-15-k-dimension-gsa-det-cbd-moment-v1,768,539,997,962,940,1.0021039102654064,0.0,310.72488131303544,625.7626269667451,625.7626269667451,True,907
2026-08-15-k-dimension-gsa-det-cbd-moment-v1,768,540,996,955,935,1.0021155564319801,0.0,308.6794335507053,626.8704889222806,626.8704889222806,True,906
2026-08-15-k-dimension-gsa-det-cbd-moment-v1,768,541,995,955,933,1.0021155564319801,0.0,308.67798433406824,627.9783650159421,627.9783650159421,True,905
2026-08-15-k-dimension-gsa-det-cbd-moment-v1,768,542,994,955,931,1.0021155564319801,0.0,308.67653366019954,629.0863619185143,629.0863619185143,True,904
2026-08-15-k-dimension-gsa-det-cbd-moment-v1,768,543,993,955,929,1.0021155564319801,0.0,308.6750815261656,630.1964447798907,630.1964447798907,True,903
2026-08-15-k-dimension-gsa-det-cbd-moment-v1,768,544,992,935,919,1.0021496357829884,0.0,302.959158811108,631.3043488362281,631.3043488362281,True,902
2026-08-15-k-dimension-gsa-det-cbd-moment-v1,768,545,991,929,915,1.0021600992203303,0.0,301.2057037479076,632.4122433274806,632.4122433274806,True,901
2026-08-15-k-dimension-gsa-det-cbd-moment-v1,768,546,990,922,910,1.0021724507084293,0.0,299.1602472156881,633.5201723535904,633.5201723535904,True,900
2026-08-15-k-dimension-gsa-det-cbd-moment-v1,768,547,989,917,906,1.0021813698658235,0.0,297.69878921148023,634.6280172720676,634.6280172720676,True,899
2026-08-15-k-dimension-gsa-det-cbd-moment-v1,768,548,988,909,901,1.0021958112821976,0.0,295.3613297323058,635.735902911309,635.735902911309,True,898
2026-08-15-k-dimension-gsa-det-cbd-moment-v1,768,549,987,924,905,1.0021689057073238,0.0,299.7398687751775,636.8438046145191,636.8438046145191,True,897
2026-08-15-k-dimension-gsa-det-cbd-moment-v1,768,550,986,901,894,1.0022104671336611,0.0,293.022406337099,637.951668618674,637.951668618674,True,896
2026-08-15-k-dimension-gsa-det-cbd-moment-v1,768,551,985,895,890,1.0022216027549187,0.0,291.38441963248476,639.0595667563849,639.0595667563849,True,895
2026-08-15-k-dimension-gsa-det-cbd-moment-v1,768,552,984,891,887,1.0022290961495386,0.0,290.2149542234803,640.1694794371808,640.1694794371808,True,894
2026-08-15-k-dimension-gsa-det-cbd-moment-v1,768,553,983,878,880,1.0022538432413102,0.0,286.4174873244816,641.2772596552783,641.2772596552783,True,893
2026-08-15-k-dimension-gsa-det-cbd-moment-v1,768,554,982,878,878,1.0022538432413102,0.0,286.41601893245576,642.3850784048726,642.3850784048726,True,892
2026-08-15-k-dimension-gsa-det-cbd-moment-v1,768,555,981,878,875,1.0022538432413102,0.0,286.4145490443603,643.4929878663747,643.4929878663747,True,891
2026-08-15-k-dimension-gsa-det-cbd-moment-v1,768,556,980,869,870,1.0022713376046453,0.0,283.78507765714363,644.6008496080052,644.6008496080052,True,890
2026-08-15-k-dimension-gsa-det-cbd-moment-v1,768,557,979,865,866,1.002279210365134,0.0,282.61560476774474,645.7086674266939,645.7086674266939,True,889
2026-08-15-k-dimension-gsa-det-cbd-moment-v1,768,558,978,848,858,1.0023133594158213,0.0,277.7570455770098,646.8163823476044,646.8163823476044,True,888
2026-08-15-k-dimension-gsa-det-cbd-moment-v1,768,559,977,848,856,1.0023133594158213,0.0,277.75556967402594,647.9241690254582,647.9241690254582,True,887
2026-08-15-k-dimension-gsa-det-cbd-moment-v1,768,560,976,848,854,1.0023133594158213,0.0,277.75409225962045,649.0319981661374,649.0319981661374,True,886
2026-08-15-k-dimension-gsa-det-cbd-moment-v1,768,561,975,848,852,1.0023133594158213,0.0,277.75261333069454,650.1398699607071,650.1398699607071,True,885
2026-08-15-k-dimension-gsa-det-cbd-moment-v1,768,562,974,839,846,1.0023319044831243,0.0,275.1231328841399,651.2497638162959,651.2497638162959,True,884
2026-08-15-k-dimension-gsa-det-cbd-moment-v1,768,563,973,828,840,1.0023550258992084,0.0,271.9096509168387,652.357508103191,652.357508103191,True,883
2026-08-15-k-dimension-gsa-det-cbd-moment-v1,768,564,972,828,838,1.0023550258992084,0.0,271.90816742566335,653.4653091871359,653.4653091871359,True,882
2026-08-15-k-dimension-gsa-det-cbd-moment-v1,768,565,971,818,832,1.0023764936875026,0.0,268.9866824074768,654.5729496799609,654.5729496799609,True,881
2026-08-15-k-dimension-gsa-det-cbd-moment-v1,768,566,970,818,830,1.0023764936875026,0.0,268.9851958591321,655.6807057524828,655.6807057524828,True,880
2026-08-15-k-dimension-gsa-det-cbd-moment-v1,768,567,969,818,828,1.0023764936875026,0.0,268.98370777747266,656.7885369501613,656.7885369501613,True,879
2026-08-15-k-dimension-gsa-det-cbd-moment-v1,768,568,968,806,822,1.0024028385794055,0.0,265.5777538328831,657.8963613847611,657.8963613847611,True,878
2026-08-15-k-dimension-gsa-det-cbd-moment-v1,768,569,967,797,816,1.0024230290513114,0.0,262.94826267508535,659.004097241496,659.004097241496,True,877
2026-08-15-k-dimension-gsa-det-cbd-moment-v1,768,570,966,793,813,1.0024321246332244,0.0,261.7787699744443,660.1118287677301,660.1118287677301,True,876
2026-08-15-k-dimension-gsa-det-cbd-moment-v1,768,571,965,783,807,1.0024552004851959,0.0,258.9503851321554,661.2215638223087,661.2215638223087,True,875
2026-08-15-k-dimension-gsa-det-cbd-moment-v1,768,572,964,773,801,1.0024787705050489,0.0,256.02888933622995,662.329294771651,662.329294771651,True,874
2026-08-15-k-dimension-gsa-det-cbd-moment-v1,768,573,963,788,804,1.002443601805116,0.0,260.3142825834519,663.4369361400993,663.4369361400993,True,873
2026-08-15-k-dimension-gsa-det-cbd-moment-v1,768,574,962,788,802,1.002443601805116,0.0,260.3127836793785,664.544720554905,664.544720554905,True,872
2026-08-15-k-dimension-gsa-det-cbd-moment-v1,768,575,961,766,792,1.0024955724819884,0.0,253.98039262077376,665.6524162246745,665.6524162246745,True,871
2026-08-15-k-dimension-gsa-det-cbd-moment-v1,768,576,960,760,788,1.0025101779359005,0.0,252.22689059560852,666.7601464320759,666.7601464320759,True,870
2026-08-15-k-dimension-gsa-det-cbd-moment-v1,768,577,959,756,784,1.002520021421784,0.0,251.05738700501811,667.8678281371414,667.8678281371414,True,869
2026-08-15-k-dimension-gsa-det-cbd-moment-v1,768,578,958,743,777,1.0025526169263403,0.0,247.3473446869865,668.9754390113495,668.9754390113495,True,868
2026-08-15-k-dimension-gsa-det-cbd-moment-v1,768,579,957,743,775,1.0025526169263403,0.0,247.34583795573636,670.0830915680201,670.0830915680201,True,867
2026-08-15-k-dimension-gsa-det-cbd-moment-v1,768,580,956,743,773,1.0025526169263403,0.0,247.34432964923107,671.1908380809754,671.1908380809754,True,866
2026-08-15-k-dimension-gsa-det-cbd-moment-v1,768,581,955,733,767,1.0025783390740182,0.0,244.42281976417343,672.3005078397673,672.3005078397673,True,865
2026-08-15-k-dimension-gsa-det-cbd-moment-v1,768,582,954,714,758,1.002628843528209,0.0,238.95577045744784,673.4081135603453,673.4081135603453,True,864
2026-08-15-k-dimension-gsa-det-cbd-moment-v1,768,583,953,714,755,1.002628843528209,0.0,238.95425740535225,674.5156956780731,674.5156956780731,True,863
2026-08-15-k-dimension-gsa-det-cbd-moment-v1,768,584,952,714,753,1.002628843528209,0.0,238.95274276475027,675.6233131181045,675.6233131181045,True,862
2026-08-15-k-dimension-gsa-det-cbd-moment-v1,768,585,951,714,751,1.002628843528209,0.0,238.95122653230288,676.7309746246832,676.7309746246832,True,861
2026-08-15-k-dimension-gsa-det-cbd-moment-v1,768,586,950,714,749,1.002628843528209,0.0,238.94970870466062,677.8386804049736,677.8386804049736,True,860
2026-08-15-k-dimension-gsa-det-cbd-moment-v1,768,587,949,705,744,1.002653547733882,0.0,236.3201892784634,678.9463784331593,678.9463784331593,True,859
2026-08-15-k-dimension-gsa-det-cbd-moment-v1,768,588,948,697,739,1.0026759471884517,0.0,234.06067076234186,680.0539886517976,680.0539886517976,True,858
2026-08-15-k-dimension-gsa-det-cbd-moment-v1,768,589,947,690,734,1.002695896661148,0.0,232.01514812891196,681.1615904813041,681.1615904813041,True,857
2026-08-15-k-dimension-gsa-det-cbd-moment-v1,768,590,946,685,730,1.0027103512534334,0.0,230.55362388678296,682.2711320484548,682.2711320484548,True,856
2026-08-15-k-dimension-gsa-det-cbd-moment-v1,768,591,945,685,728,1.0027103512534334,0.0,230.552098032552,683.3787169050374,683.3787169050374,True,855
2026-08-15-k-dimension-gsa-det-cbd-moment-v1,768,592,944,685,726,1.0027103512534334,0.0,230.5505705628054,684.4862547228627,684.4862547228627,True,854
2026-08-15-k-dimension-gsa-det-cbd-moment-v1,768,593,943,673,719,1.0027457604059884,0.0,227.11904205556246,685.5939128679178,685.5939128679178,True,853
2026-08-15-k-dimension-gsa-det-cbd-moment-v1,768,594,942,666,714,1.002766898346282,0.0,225.07351134450013,686.7014818622644,686.7014818622644,True,852
2026-08-15-k-dimension-gsa-det-cbd-moment-v1,768,595,941,661,710,1.0027822213386124,0.0,223.6823683355073,687.8090832873876,687.8090832873876,True,851
2026-08-15-k-dimension-gsa-det-cbd-moment-v1,768,596,940,654,705,1.0028039955657575,0.0,221.63683436934375,688.9166369838003,688.9166369838003,True,850
2026-08-15-k-dimension-gsa-det-cbd-moment-v1,768,597,939,641,698,1.0028454633001427,0.0,217.90641296629107,690.0241680480539,690.0241680480539,True,849
2026-08-15-k-dimension-gsa-det-cbd-moment-v1,768,598,938,641,696,1.0028454633001427,0.0,217.90487573115269,691.1316919299237,691.1316919299237,True,848
2026-08-15-k-dimension-gsa-det-cbd-moment-v1,768,599,937,634,691,1.0028683667270286,0.0,215.85933685629647,692.2392348092723,692.2392348092723,True,847
2026-08-15-k-dimension-gsa-det-cbd-moment-v1,768,600,936,634,689,1.0028683667270286,0.0,215.8577963382207,693.3486609990387,693.3486609990387,True,846
2026-08-15-k-dimension-gsa-det-cbd-moment-v1,768,601,935,628,685,1.0028883296691293,0.0,214.10425417341227,694.4562657549588,694.4562657549588,True,845
2026-08-15-k-dimension-gsa-det-cbd-moment-v1,768,602,934,613,677,1.0029396273763718,0.0,209.78684069576667,695.5637686982197,695.5637686982197,True,844
2026-08-15-k-dimension-gsa-det-cbd-moment-v1,768,603,933,613,675,1.0029396273763718,0.0,209.78529522690874,696.6712139186177,696.6712139186177,True,843
2026-08-15-k-dimension-gsa-det-cbd-moment-v1,768,604,932,612,672,1.0029431199998367,0.0,209.49174810071128,697.7786957777353,697.7786957777353,True,842
2026-08-15-k-dimension-gsa-det-cbd-moment-v1,768,605,931,612,670,1.0029431199998367,0.0,209.4901993136158,698.8862750864041,698.8862750864041,True,841
2026-08-15-k-dimension-gsa-det-cbd-moment-v1,768,606,930,602,664,1.0029785648896876,0.0,206.63004940671655,699.9938043808069,699.9938043808069,True,840
2026-08-15-k-dimension-gsa-det-cbd-moment-v1,768,607,929,584,655,1.0030448417814966,0.0,201.43139097615736,701.1011952495762,701.1011952495762,True,839
2026-08-15-k-dimension-gsa-det-cbd-moment-v1,768,608,928,584,653,1.0030448417814966,0.0,201.42983718490228,702.2086506802175,702.2086506802175,True,838
2026-08-15-k-dimension-gsa-det-cbd-moment-v1,768,609,927,584,651,1.0030448417814966,0.0,201.42828171840026,703.3179895510871,703.3179895510871,True,837
2026-08-15-k-dimension-gsa-det-cbd-moment-v1,768,610,926,584,649,1.0030448417814966,0.0,201.42672457303496,704.425481634415,704.425481634415,True,836
2026-08-15-k-dimension-gsa-det-cbd-moment-v1,768,611,925,584,647,1.0030448417814966,0.0,201.4251657451784,705.5330197166697,705.5330197166697,True,835
2026-08-15-k-dimension-gsa-det-cbd-moment-v1,768,612,924,576,641,1.0030753739690144,0.0,199.14418875955712,706.6405499277529,706.6405499277529,True,834
2026-08-15-k-dimension-gsa-det-cbd-moment-v1,768,613,923,568,636,1.0031066016082917,0.0,196.86107433980925,707.7479885711778,707.7479885711778,True,833
2026-08-15-k-dimension-gsa-det-cbd-moment-v1,768,614,922,561,631,1.0031345159971823,0.0,194.8155104425928,708.8554186767844,708.8554186767844,True,832
2026-08-15-k-dimension-gsa-det-cbd-moment-v1,768,615,921,556,627,1.0031548023281565,0.0,193.40641226814896,709.9627980303219,709.9627980303219,True,831
2026-08-15-k-dimension-gsa-det-cbd-moment-v1,768,616,920,556,625,1.0031548023281565,0.0,193.35237755310786,711.0701713295222,711.0701713295222,True,830
2026-08-15-k-dimension-gsa-det-cbd-moment-v1,768,617,919,556,623,1.0031548023281565,0.0,193.3508085534525,712.1776261785404,712.1776261785404,True,829
2026-08-15-k-dimension-gsa-det-cbd-moment-v1,768,618,918,556,621,1.0031548023281565,0.0,193.34923784557728,713.2851189392175,713.2851189392175,True,828
2026-08-15-k-dimension-gsa-det-cbd-moment-v1,768,619,917,536,611,1.00323898835019,0.0,187.61075891872264,714.3943775144513,714.3943775144513,True,827
2026-08-15-k-dimension-gsa-det-cbd-moment-v1,768,620,916,521,603,1.0033055256166454,0.0,183.3254000984838,715.5018014012105,715.5018014012105,True,826
2026-08-15-k-dimension-gsa-det-cbd-moment-v1,768,621,915,521,601,1.0033055256166454,0.0,183.32382424355825,716.6091657280966,716.6091657280966,True,825
2026-08-15-k-dimension-gsa-det-cbd-moment-v1,768,622,914,521,599,1.0033055256166454,0.0,183.32224666544494,717.7165233306101,717.7165233306101,True,824
2026-08-15-k-dimension-gsa-det-cbd-moment-v1,768,623,913,514,594,1.0033376410927832,0.0,181.32247104998422,718.8238998992455,718.8238998992455,True,823
2026-08-15-k-dimension-gsa-det-cbd-moment-v1,768,624,912,507,589,1.003370466519458,0.0,179.27689001416474,719.9312697485974,719.9312697485974,True,822
2026-08-15-k-dimension-gsa-det-cbd-moment-v1,768,625,911,507,587,1.003370466519458,0.0,179.27530724380205,721.0386071480405,721.0386071480405,True,821
2026-08-15-k-dimension-gsa-det-cbd-moment-v1,768,626,910,502,582,1.0033943616560752,0.0,177.85811685444452,722.1460002111387,722.1460002111387,True,820
2026-08-15-k-dimension-gsa-det-cbd-moment-v1,768,627,909,486,574,1.0034734574827184,0.0,173.26941950113905,723.2533299761606,723.2533299761606,True,819
2026-08-15-k-dimension-gsa-det-cbd-moment-v1,768,628,908,486,572,1.0034734574827184,0.0,173.26783150423586,724.3624860060621,724.3624860060621,True,818
2026-08-15-k-dimension-gsa-det-cbd-moment-v1,768,629,907,486,570,1.0034734574827184,0.0,173.26624175747347,725.4697939919544,725.4697939919544,True,817
2026-08-15-k-dimension-gsa-det-cbd-moment-v1,768,630,906,500,573,1.0034040267850965,0.0,177.2677613594047,726.5772029789595,726.5772029789595,True,816
2026-08-15-k-dimension-gsa-det-cbd-moment-v1,768,631,905,476,561,1.0035250386403554,0.0,170.38369898341287,727.684560325866,727.684560325866,True,815
2026-08-15-k-dimension-gsa-det-cbd-moment-v1,768,632,904,459,552,1.003616808941751,0.0,165.53358118127744,728.7917713282696,728.7917713282696,True,814
2026-08-15-k-dimension-gsa-det-cbd-moment-v1,768,633,903,459,550,1.003616808941751,0.0,165.5319843963431,729.8990521360673,729.8990521360673,True,813
2026-08-15-k-dimension-gsa-det-cbd-moment-v1,768,634,902,459,548,1.003616808941751,0.0,165.49291113669895,731.006326113262,731.006326113262,True,812
2026-08-15-k-dimension-gsa-det-cbd-moment-v1,768,635,901,459,546,1.003616808941751,0.0,165.49131080925713,732.1136476938826,732.1136476938826,True,811
2026-08-15-k-dimension-gsa-det-cbd-moment-v1,768,636,900,459,544,1.003616808941751,0.0,165.48970870466061,733.2210171235693,733.2210171235693,True,810
2026-08-15-k-dimension-gsa-det-cbd-moment-v1,768,637,899,451,539,1.0036618877235128,0.0,163.18957952437668,734.3283784888646,734.3283784888646,True,809
2026-08-15-k-dimension-gsa-det-cbd-moment-v1,768,638,898,441,532,1.0037200510573594,0.0,160.34012363935923,735.4374194334398,735.4374194334398,True,808
2026-08-15-k-dimension-gsa-det-cbd-moment-v1,768,639,897,169,388,1.0069560748177107,-1.4735761917548657e-14,83.67070634096845,736.544682364147,736.544682364147,True,807
2026-08-15-k-dimension-gsa-det-cbd-moment-v1,768,640,896,432,524,1.003774210775322,0.0,157.7776196767597,737.6517291024735,737.6517291024735,True,806
2026-08-15-k-dimension-gsa-det-cbd-moment-v1,768,641,895,432,522,1.003774210775322,0.0,157.77600862685372,738.7590626717232,738.7590626717232,True,805
2026-08-15-k-dimension-gsa-det-cbd-moment-v1,768,642,894,432,520,1.003774210775322,0.0,157.74044844396207,739.8663896815472,739.8663896815472,True,804
2026-08-15-k-dimension-gsa-det-cbd-moment-v1,768,643,893,542,562,1.0032132066444195,0.0,189.2214038672847,740.9737082168034,740.9737082168034,True,803
2026-08-15-k-dimension-gsa-det-cbd-moment-v1,768,644,892,412,508,1.0039011895267822,0.0,152.02846185597733,742.0809396884825,742.0809396884825,True,802
2026-08-15-k-dimension-gsa-det-cbd-moment-v1,768,645,891,410,505,1.0039144209605348,0.0,151.47387047319955,743.1881440363912,743.1881440363912,True,801
2026-08-15-k-dimension-gsa-det-cbd-moment-v1,768,646,890,401,499,1.0039752386131784,0.0,148.90437136996897,744.2953607727995,744.2953607727995,True,800
2026-08-15-k-dimension-gsa-det-cbd-moment-v1,768,647,889,124,344,1.0082882624056613,-3.7018556240085467e-08,71.38131953232968,745.4025137457712,745.4025137827898,True,799
2026-08-15-k-dimension-gsa-det-cbd-moment-v1,768,648,888,392,491,1.004038231277044,0.0,146.3308412083216,746.5115410026946,746.5115410026946,True,798
2026-08-15-k-dimension-gsa-det-cbd-moment-v1,768,649,887,405,494,1.0039479470818917,0.0,150.0073791459787,747.6187628729629,747.6187628729629,True,797
2026-08-15-k-dimension-gsa-det-cbd-moment-v1,768,650,886,385,484,1.0040888085471453,0.0,144.31160260669608,748.7259393238213,748.7259393238213,True,796
2026-08-15-k-dimension-gsa-det-cbd-moment-v1,768,651,885,366,473,1.0042336096043671,0.0,138.91951464009793,749.8331142286934,749.8331142286934,True,795
2026-08-15-k-dimension-gsa-det-cbd-moment-v1,768,652,884,366,471,1.0042336096043671,0.0,138.917883554519,750.9402597227979,750.9402597227979,True,794
2026-08-15-k-dimension-gsa-det-cbd-moment-v1,768,653,883,366,469,1.0042336096043671,0.0,138.8911596418132,752.0473981893689,752.0473981893689,True,793
2026-08-15-k-dimension-gsa-det-cbd-moment-v1,768,654,882,366,467,1.0042336096043671,0.0,138.88952485972226,753.1545296161125,753.1545296161125,True,792
2026-08-15-k-dimension-gsa-det-cbd-moment-v1,768,655,881,379,471,1.0041333147866416,0.0,142.5789186634836,754.2617661774887,754.2617661774887,True,791
2026-08-15-k-dimension-gsa-det-cbd-moment-v1,768,656,880,356,459,1.0043145935837583,0.0,136.04025030913317,755.3689487595699,755.3689487595699,True,790
2026-08-15-k-dimension-gsa-det-cbd-moment-v1,768,657,879,340,450,1.0044517371368327,0.0,131.50411347450185,756.4778379892779,756.4778379892779,True,789
2026-08-15-k-dimension-gsa-det-cbd-moment-v1,768,658,878,340,448,1.0044517371368327,0.0,131.5024712488938,757.5848437310427,757.5848437310427,True,788
2026-08-15-k-dimension-gsa-det-cbd-moment-v1,768,659,877,340,446,1.0044517371368327,0.0,131.50082715180318,758.6919376661721,758.6919376661721,True,787
2026-08-15-k-dimension-gsa-det-cbd-moment-v1,768,660,876,340,444,1.0044517371368327,0.0,131.47715487262963,759.7990811678976,759.7990811678976,True,786
2026-08-15-k-dimension-gsa-det-cbd-moment-v1,768,661,875,432,479,1.003774210775322,0.0,157.67469121133777,760.9062728238852,760.9062728238852,True,785
2026-08-15-k-dimension-gsa-det-cbd-moment-v1,768,662,874,124,322,1.0082882624056613,-1.6017132519074588e-16,71.30430197310638,762.0133984550606,762.0133984550606,True,784
2026-08-15-k-dimension-gsa-det-cbd-moment-v1,768,663,873,325,431,1.0045896155198935,0.0,127.21958496313411,763.1205442946894,763.1205442946894,True,783
2026-08-15-k-dimension-gsa-det-cbd-moment-v1,768,664,872,319,426,1.004647519882841,0.0,125.50600888365693,764.2276200060519,764.2276200060519,True,782
2026-08-15-k-dimension-gsa-det-cbd-moment-v1,768,665,871,315,422,1.0046870515700201,0.0,124.37534759909474,765.3346907310806,765.3346907310806,True,781
2026-08-15-k-dimension-gsa-det-cbd-moment-v1,768,666,870,314,420,1.0046970538042321,0.0,124.08169028123197,766.4416534067053,766.4416534067053,True,780
2026-08-15-k-dimension-gsa-det-cbd-moment-v1,768,667,869,113,307,1.008704975182247,-1.6017132519074588e-16,68.33413804931507,767.5504507374851,767.5504507374851,True,779
2026-08-15-k-dimension-gsa-det-cbd-moment-v1,768,668,868,392,448,1.004038231277044,0.0,146.21051373316564,768.6576406373979,768.6576406373979,True,778
2026-08-15-k-dimension-gsa-det-cbd-moment-v1,768,669,867,113,304,1.008704975182247,0.0,68.32330632905357,769.7646608734882,769.7646608734882,True,777
2026-08-15-k-dimension-gsa-det-cbd-moment-v1,768,670,866,293,402,1.0049188882136981,0.0,118.14048796942882,770.8717107817453,770.8717107817453,True,776
2026-08-15-k-dimension-gsa-det-cbd-moment-v1,768,671,865,285,396,1.0050097995533829,0.0,115.86840941885376,771.9787445832164,771.9787445832164,True,775
2026-08-15-k-dimension-gsa-det-cbd-moment-v1,768,672,864,283,393,1.0050331263020147,0.0,115.29868214236217,773.0857515861865,773.0857515861865,True,774
2026-08-15-k-dimension-gsa-det-cbd-moment-v1,768,673,863,289,394,1.0049638725170873,0.0,116.98416024502768,774.1927114585927,774.1927114585927,True,773
2026-08-15-k-dimension-gsa-det-cbd-moment-v1,768,674,862,289,392,1.0049638725170873,0.0,116.98248755493782,775.2998119215167,775.2998119215167,True,772
2026-08-15-k-dimension-gsa-det-cbd-moment-v1,768,675,861,270,381,1.0051909722445818,0.0,111.63372561717156,776.4068063427039,776.4068063427039,True,771
2026-08-15-k-dimension-gsa-det-cbd-moment-v1,768,676,860,266,377,1.0052418289142149,0.0,110.49261819156095,777.5155158577367,777.5155158577367,True,770
2026-08-15-k-dimension-gsa-det-cbd-moment-v1,768,677,859,252,369,1.00542910033462,0.0,106.5634043353032,778.6224789893186,778.6224789893186,True,769
2026-08-15-k-dimension-gsa-det-cbd-moment-v1,768,678,858,252,367,1.00542910033462,0.0,106.54901279991472,779.7294321675612,779.7294321675612,True,768
2026-08-15-k-dimension-gsa-det-cbd-moment-v1,768,679,857,252,365,1.00542910033462,0.0,106.54733035652768,780.8363779780236,780.8363779780236,True,767
2026-08-15-k-dimension-gsa-det-cbd-moment-v1,768,680,856,327,395,1.0045706747150396,0.0,127.69155617685891,781.9434322107653,781.9434322107653,True,766
2026-08-15-k-dimension-gsa-det-cbd-moment-v1,768,681,855,243,356,1.0055577434491079,0.0,104.01464384704784,783.0504322843775,783.0504322843775,True,765
2026-08-15-k-dimension-gsa-det-cbd-moment-v1,768,682,854,246,356,1.0055141005466173,0.0,104.85273530898232,784.1573739558073,784.1573739558073,True,764
2026-08-15-k-dimension-gsa-det-cbd-moment-v1,768,683,853,228,345,1.0057882785282344,0.0,99.8104340142788,785.2642838765564,785.2642838765564,True,763
2026-08-15-k-dimension-gsa-det-cbd-moment-v1,768,684,852,228,343,1.0057882785282344,0.0,99.79817246147618,786.3711427571114,786.3711427571114,True,762
2026-08-15-k-dimension-gsa-det-cbd-moment-v1,768,685,851,228,341,1.0057882785282344,0.0,99.7964781629363,787.4780530602216,787.4780530602216,True,761
2026-08-15-k-dimension-gsa-det-cbd-moment-v1,768,686,850,124,283,1.0082882624056613,0.0,71.17852281912201,788.5867254783099,788.5867254783099,True,760
2026-08-15-k-dimension-gsa-det-cbd-moment-v1,768,687,849,217,332,1.005971666430116,0.0,96.71278926401519,789.6937178679019,789.6937178679019,True,759
2026-08-15-k-dimension-gsa-det-cbd-moment-v1,768,688,848,217,330,1.005971666430116,0.0,96.71108897502535,790.8006617115182,790.8006617115182,True,758
2026-08-15-k-dimension-gsa-det-cbd-moment-v1,768,689,847,158,298,1.0072362625995437,0.0,80.39150117627716,791.9075074371414,791.9075074371414,True,757
2026-08-15-k-dimension-gsa-det-cbd-moment-v1,768,690,846,204,319,1.006206182893998,0.0,93.08483127589872,793.0142771529892,793.0142771529892,True,756
2026-08-15-k-dimension-gsa-det-cbd-moment-v1,768,691,845,204,317,1.006206182893998,0.0,93.0745118236436,794.1211494998236,794.1211494998236,True,755
2026-08-15-k-dimension-gsa-det-cbd-moment-v1,768,692,844,204,315,1.006206182893998,0.0,93.07280348118124,795.2281162210766,795.2281162210766,True,754
2026-08-15-k-dimension-gsa-det-cbd-moment-v1,768,693,843,252,335,1.00542910033462,0.0,106.47157314571899,796.3350747987006,796.3350747987006,True,753
2026-08-15-k-dimension-gsa-det-cbd-moment-v1,768,694,842,188,303,1.0065252273487522,0.0,88.62100673681601,797.441924003949,797.441924003949,True,752
2026-08-15-k-dimension-gsa-det-cbd-moment-v1,768,695,841,135,274,1.0079125300646745,0.0,74.09820441447621,798.5503919640862,798.5503919640862,True,751
2026-08-15-k-dimension-gsa-det-cbd-moment-v1,768,696,840,135,272,1.0079125300646745,0.0,74.09266623093478,799.6572162425385,799.6572162425385,True,750
2026-08-15-k-dimension-gsa-det-cbd-moment-v1,768,697,839,175,291,1.0068132295394696,0.0,85.01988192249743,800.7641042746191,800.7641042746191,True,749
2026-08-15-k-dimension-gsa-det-cbd-moment-v1,768,698,838,169,286,1.0069560748177107,0.0,83.3596732416801,801.8709306134244,801.8709306134244,True,748
2026-08-15-k-dimension-gsa-det-cbd-moment-v1,768,699,837,216,306,1.0059889942880431,0.0,96.37090837143035,802.9777822791956,802.9777822791956,True,747
2026-08-15-k-dimension-gsa-det-cbd-moment-v1,768,700,836,163,279,1.0071058249982296,0.0,81.70335913208089,804.084584817026,804.084584817026,True,746
2026-08-15-k-dimension-gsa-det-cbd-moment-v1,768,701,835,113,250,1.008704975182247,0.0,68.15148093681196,805.1913133467186,805.1913133467186,True,745
2026-08-15-k-dimension-gsa-det-cbd-moment-v1,768,702,834,146,266,1.0075723347029661,0.0,77.04424260358407,806.2981500316196,806.2981500316196,True,744
2026-08-15-k-dimension-gsa-det-cbd-moment-v1,768,703,833,146,264,1.0075723347029661,0.0,77.03795343354264,807.4049111639757,807.4049111639757,True,743
2026-08-15-k-dimension-gsa-det-cbd-moment-v1,768,704,832,146,262,1.0075723347029661,0.0,77.03622046631818,808.5116645097623,808.5116645097623,True,742
2026-08-15-k-dimension-gsa-det-cbd-moment-v1,768,705,831,124,248,1.0082882624056613,0.0,71.07488899154727,809.6201649374491,809.6201649374491,True,741
2026-08-15-k-dimension-gsa-det-cbd-moment-v1,768,706,830,124,246,1.0082882624056613,0.0,71.06983911697037,810.7269008245815,810.7269008245815,True,740
2026-08-15-k-dimension-gsa-det-cbd-moment-v1,768,707,829,124,244,1.0082882624056613,0.0,71.06477952394022,811.8336288717977,811.8336288717977,True,739
2026-08-15-k-dimension-gsa-det-cbd-moment-v1,768,708,828,124,242,1.0082882624056613,0.0,71.05971017222605,812.9403490593236,812.9403490593236,True,738
2026-08-15-k-dimension-gsa-det-cbd-moment-v1,768,709,827,124,240,1.0082882624056613,0.0,71.05463102133474,814.0470613672229,814.0470613672229,True,737
2026-08-15-k-dimension-gsa-det-cbd-moment-v1,768,710,826,169,260,1.0069560748177107,0.0,83.29597896654701,815.1538266732696,815.1538266732696,True,736
2026-08-15-k-dimension-gsa-det-cbd-moment-v1,768,711,825,135,242,1.0079125300646745,0.0,74.00809619621637,816.2606480271515,816.2606480271515,True,735
2026-08-15-k-dimension-gsa-det-cbd-moment-v1,768,712,824,112,228,1.008745098250275,0.0,67.8266741397367,817.3674176534387,817.3674176534387,True,734
2026-08-15-k-dimension-gsa-det-cbd-moment-v1,768,713,823,112,226,1.008745098250275,0.0,67.81941575666858,818.4741609649146,818.4741609649146,True,733
2026-08-15-k-dimension-gsa-det-cbd-moment-v1,768,714,822,150,242,1.007456501192153,0.0,78.06786992658996,819.5824881136649,819.5824881136649,True,732
2026-08-15-k-dimension-gsa-det-cbd-moment-v1,768,715,821,102,217,1.009168815337948,0.0,65.15985916066944,820.6891267845199,820.6891267845199,True,731
2026-08-15-k-dimension-gsa-det-cbd-moment-v1,768,716,820,102,214,1.009168815337948,0.0,65.15349894643806,821.7956833346703,821.7956833346703,True,730
2026-08-15-k-dimension-gsa-det-cbd-moment-v1,768,717,819,135,229,1.0079125300646745,0.0,73.9774999056701,822.9024550036015,822.9024550036015,True,729
2026-08-15-k-dimension-gsa-det-cbd-moment-v1,768,718,818,124,221,1.0082882624056613,0.0,71.00505622164894,824.0092200821373,824.0092200821373,True,728
2026-08-15-k-dimension-gsa-det-cbd-moment-v1,768,719,817,169,239,1.0069560748177107,0.0,83.24874075543659,825.1159067340608,825.1159067340608,True,727
2026-08-15-k-dimension-gsa-det-cbd-moment-v1,768,720,816,120,215,1.0084347428159242,0.0,69.9197802640291,826.2226169003918,826.2226169003918,True,726
2026-08-15-k-dimension-gsa-det-cbd-moment-v1,768,721,815,169,234,1.0069560748177107,0.0,83.23243744033547,827.3291249740892,827.3291249740892,True,725
2026-08-15-k-dimension-gsa-det-cbd-moment-v1,768,722,814,113,207,1.008704975182247,0.0,68.03642853821702,828.4357154793446,828.4357154793446,True,724
2026-08-15-k-dimension-gsa-det-cbd-moment-v1,768,723,813,102,199,1.009168815337948,0.0,65.11555414230162,829.542331518792,829.542331518792,True,723
2026-08-15-k-dimension-gsa-det-cbd-moment-v1,768,724,812,102,197,1.009168815337948,0.0,65.10907918087597,830.6506665855317,830.6506665855317,True,722
2026-08-15-k-dimension-gsa-det-cbd-moment-v1,768,725,811,96,192,1.0094440036419345,0.0,63.5260106558828,831.7573730896809,831.7573730896809,True,721
2026-08-15-k-dimension-gsa-det-cbd-moment-v1,768,726,810,95,189,1.0094914907605503,0.0,63.259158976844525,832.8639641543808,832.8639641543808,True,720
2026-08-15-k-dimension-gsa-det-cbd-moment-v1,768,727,809,124,200,1.0082882624056613,0.0,70.95449641961319,833.9705342005892,833.9705342005892,True,719
2026-08-15-k-dimension-gsa-det-cbd-moment-v1,768,728,808,113,193,1.008704975182247,0.0,68.00257871433647,835.077056030807,835.077056030807,True,718
2026-08-15-k-dimension-gsa-det-cbd-moment-v1,768,729,807,124,195,1.0082882624056613,0.0,70.94038189621952,836.1836743095898,836.1836743095898,True,717
2026-08-15-k-dimension-gsa-det-cbd-moment-v1,768,730,806,115,189,1.0086258918183102,0.0,68.52641973174627,837.2903428708909,837.2903428708909,True,716
2026-08-15-k-dimension-gsa-det-cbd-moment-v1,768,731,805,91,176,1.0096862317631068,0.0,62.187087397223046,838.3968433254117,838.3968433254117,True,715
2026-08-15-k-dimension-gsa-det-cbd-moment-v1,768,732,804,102,178,1.009168815337948,0.0,65.0638703816748,839.503322858464,839.503322858464,True,714
2026-08-15-k-dimension-gsa-det-cbd-moment-v1,768,733,803,96,173,1.0094440036419345,0.0,63.48213561379949,840.6100233765686,840.6100233765686,True,713
2026-08-15-k-dimension-gsa-det-cbd-moment-v1,768,734,802,91,169,1.0096862317631068,0.0,62.17020521183816,841.7181456250272,841.7181456250272,True,712
2026-08-15-k-dimension-gsa-det-cbd-moment-v1,768,735,801,135,184,1.0079125300646745,0.0,73.8750493685464,842.824731963181,842.824731963181,True,711
2026-08-15-k-dimension-gsa-det-cbd-moment-v1,768,736,800,94,165,1.0095394531447726,0.0,62.94100483515016,843.9312844714495,843.9312844714495,True,710
2026-08-15-k-dimension-gsa-det-cbd-moment-v1,768,737,799,91,161,1.0096862317631068,0.0,62.153210504036004,845.0376717425195,845.0376717425195,True,709
2026-08-15-k-dimension-gsa-det-cbd-moment-v1,768,738,798,109,166,1.0088678515042588,0.0,66.88226540653727,846.1442829039186,846.1442829039186,True,708
2026-08-15-k-dimension-gsa-det-cbd-moment-v1,768,739,797,104,161,1.0090806827340926,0.0,65.5536408389327,847.2507640733957,847.2507640733957,True,707
2026-08-15-k-dimension-gsa-det-cbd-moment-v1,768,740,796,91,153,1.0096862317631068,0.0,62.13610162660404,848.3571216374027,848.3571216374027,True,706
2026-08-15-k-dimension-gsa-det-cbd-moment-v1,768,741,795,102,154,1.009168815337948,0.0,65.01356790459397,849.4637020255963,849.4637020255963,True,705
2026-08-15-k-dimension-gsa-det-cbd-moment-v1,768,742,794,102,152,1.009168815337948,0.0,65.00681975602296,850.5701583780399,850.5701583780399,True,704
2026-08-15-k-dimension-gsa-det-cbd-moment-v1,768,743,793,124,156,1.0082882624056613,0.0,70.86122887516035,851.678188592885,851.678188592885,True,703
2026-08-15-k-dimension-gsa-det-cbd-moment-v1,768,744,792,102,146,1.009168815337948,0.0,64.99575097348414,852.7846794162392,852.7846794162392,True,702
2026-08-15-k-dimension-gsa-det-cbd-moment-v1,768,745,791,102,142,1.009168815337948,0.0,64.98895342246203,853.8910517523558,853.8910517523558,True,701
2026-08-15-k-dimension-gsa-det-cbd-moment-v1,768,746,790,169,160,1.0069560748177107,0.0,83.09480803177166,854.9975246038058,854.9975246038058,True,700
2026-08-15-k-dimension-gsa-det-cbd-moment-v1,768,747,789,96,134,1.0094440036419345,0.0,63.40239522317909,856.1040520826887,856.1040520826887,True,699
2026-08-15-k-dimension-gsa-det-cbd-moment-v1,768,748,788,146,146,1.0075723347029661,0.0,76.7884781396773,857.2104524595544,857.2104524595544,True,698
2026-08-15-k-dimension-gsa-det-cbd-moment-v1,768,749,787,131,138,1.0080447786451525,0.0,72.71516332135621,858.3168438865088,858.3168438865088,True,697
2026-08-15-k-dimension-gsa-det-cbd-moment-v1,768,750,786,204,153,1.006206182893998,0.0,92.74625683903699,859.4232680184657,859.4232680184657,True,696
2026-08-15-k-dimension-gsa-det-cbd-moment-v1,768,751,785,102,122,1.009168815337948,0.0,64.9553669528311,860.5295470686967,860.5295470686967,True,695
2026-08-15-k-dimension-gsa-det-cbd-moment-v1,768,752,784,95,117,1.0094914907605503,0.0,63.110060940540016,861.6359704214499,861.6359704214499,True,694
2026-08-15-k-dimension-gsa-det-cbd-moment-v1,768,753,783,169,132,1.0069560748177107,0.0,83.05435545479037,862.7439261524995,862.7439261524995,True,693
2026-08-15-k-dimension-gsa-det-cbd-moment-v1,768,754,782,140,121,1.0077537890235437,0.0,75.11984348780322,863.850278011637,863.850278011637,True,692
2026-08-15-k-dimension-gsa-det-cbd-moment-v1,768,755,781,113,110,1.008704975182247,0.0,67.85066878908634,864.956620577179,864.956620577179,True,691
2026-08-15-k-dimension-gsa-det-cbd-moment-v1,768,756,780,105,104,1.0090372691694152,0.0,65.71989836455376,866.0629487884377,866.0629487884377,True,690
2026-08-15-k-dimension-gsa-det-cbd-moment-v1,768,757,779,188,117,1.0065252273487522,0.0,88.26780173230748,867.1692919134667,867.1692919134667,True,689
2026-08-15-k-dimension-gsa-det-cbd-moment-v1,768,758,778,157,105,1.0072629966161497,0.0,79.73026939434803,868.2755494792867,868.2755494792867,True,688
2026-08-15-k-dimension-gsa-det-cbd-moment-v1,768,759,777,135,96,1.0079125300646745,0.0,73.73918340217257,869.381856654725,869.381856654725,True,687
2026-08-15-k-dimension-gsa-det-cbd-moment-v1,768,760,776,105,84,1.0090372691694152,0.0,65.69608645474061,870.4882133578558,870.4882133578558,True,686
2026-08-15-k-dimension-gsa-det-cbd-moment-v1,768,761,775,94,77,1.0095394531447726,0.0,62.79699168170803,871.5945618294712,871.5945618294712,True,685
2026-08-15-k-dimension-gsa-det-cbd-moment-v1,768,762,774,158,82,1.0072362625995437,0.0,79.98393879756046,872.702269755624,872.702269755624,True,684
2026-08-15-k-dimension-gsa-det-cbd-moment-v1,768,763,773,113,68,1.008704975182247,0.0,67.80089623866598,873.808538206556,873.808538206556,True,683
2026-08-15-k-dimension-gsa-det-cbd-moment-v1,768,764,772,255,77,1.0053877020233088,0.0,106.91188865590536,874.9148590164438,874.9148590164438,True,682
2026-08-15-k-dimension-gsa-det-cbd-moment-v1,768,765,771,157,57,1.0072629966161497,0.0,79.6925680450426,876.0210491294196,876.0210491294196,True,681
2026-08-15-k-dimension-gsa-det-cbd-moment-v1,768,766,770,445,66,1.0036965374538915,0.0,160.78669563070983,877.1272307746407,877.1272307746407,True,680
2026-08-15-k-dimension-gsa-det-cbd-moment-v1,768,767,769,132,31,1.0080112632235232,0.0,72.87956794219289,878.2335209770721,878.2335209770721,True,679
