model_version,n,r,reduced_dimension,block_size,gsa_tail_dimension,delta,prob_log2,T_red_log2,T_hyb_log2,total_cost_log2,valid,evaluated_candidates
2026-08-15-k-dimension-gsa-det-cbd-moment-v1,1024,1,2047,1040,2046,1.0019831377448072,-215.31732651899202,336.5055601417255,27.385995286074436,551.8228866607175,True,906
2026-08-15-k-dimension-gsa-det-cbd-moment-v1,1024,2,2046,1040,2045,1.0019831377448072,-213.936342957423,336.5048551844474,28.589923922705957,550.4411981418705,True,907
2026-08-15-k-dimension-gsa-det-cbd-moment-v1,1024,3,2045,1040,2044,1.0019831377448072,-212.55994301498515,336.5041498825312,29.716045369713704,549.0640928975163,True,907
2026-08-15-k-dimension-gsa-det-cbd-moment-v1,1024,4,2044,1040,2043,1.0019831377448072,-211.1881298430508,336.5034442356397,30.915767782737582,547.6915740786905,True,907
2026-08-15-k-dimension-gsa-det-cbd-moment-v1,1024,5,2043,1040,2042,1.0019831377448072,-209.82090657282913,336.5027382434353,32.05888726004913,546.3236448162645,True,907
2026-08-15-k-dimension-gsa-det-cbd-moment-v1,1024,6,2042,1040,2041,1.0019831377448072,-208.4582763150652,336.5020319055799,33.18366077395436,544.9603082206451,True,908
2026-08-15-k-dimension-gsa-det-cbd-moment-v1,1024,7,2041,1040,2040,1.0019831377448072,-207.10024215973834,336.5013252217348,34.308219195870024,543.6015673814732,True,908
2026-08-15-k-dimension-gsa-det-cbd-moment-v1,1024,8,2040,1040,2039,1.0019831377448072,-205.74680717575686,336.50061819156093,35.53164724661923,542.2474253673178,True,908
2026-08-15-k-dimension-gsa-det-cbd-moment-v1,1024,9,2039,1040,2038,1.0019831377448072,-204.3979744106498,336.4999108147187,36.655116859419905,540.8978852253686,True,908
2026-08-15-k-dimension-gsa-det-cbd-moment-v1,1024,10,2038,1040,2037,1.0019831377448072,-203.05374689025555,336.4992030908679,37.778401793193446,539.5529499811234,True,909
2026-08-15-k-dimension-gsa-det-cbd-moment-v1,1024,11,2037,1040,2036,1.0019831377448072,-201.7141276184079,336.498495019668,38.90150613697133,538.2126226380759,True,909
2026-08-15-k-dimension-gsa-det-cbd-moment-v1,1024,12,2036,1040,2035,1.0019831377448072,-200.37911957661888,336.4977866007778,40.02443387094274,536.8769061773967,True,909
2026-08-15-k-dimension-gsa-det-cbd-moment-v1,1024,13,2035,1040,2034,1.0019831377448072,-199.0487257237563,336.4970778338557,41.14718876824788,535.545803557612,True,909
2026-08-15-k-dimension-gsa-det-cbd-moment-v1,1024,14,2034,1040,2033,1.0019831377448072,-197.72294899572427,336.49636871855955,42.285095052692384,534.2193177142838,True,910
2026-08-15-k-dimension-gsa-det-cbd-moment-v1,1024,15,2033,1040,2032,1.0019831377448072,-196.40179230513246,336.46171192262346,43.407354077956256,532.8635042277559,True,910
2026-08-15-k-dimension-gsa-det-cbd-moment-v1,1024,16,2032,1040,2031,1.0019831377448072,-195.08525854096857,336.4610021095509,44.59283235942384,531.5462606505195,True,910
2026-08-15-k-dimension-gsa-det-cbd-moment-v1,1024,17,2031,1040,2030,1.0019831377448072,-193.77335056826436,336.4602919470749,45.71451018133696,530.2336425153393,True,910
2026-08-15-k-dimension-gsa-det-cbd-moment-v1,1024,18,2030,1040,2029,1.0019831377448072,-192.4660712277612,336.45958143485126,46.836062139070016,528.9256526626125,True,910
2026-08-15-k-dimension-gsa-det-cbd-moment-v1,1024,19,2029,1040,2028,1.0019831377448072,-191.1634233355677,336.4588705725354,47.957469801080194,527.6222939081031,True,911
2026-08-15-k-dimension-gsa-det-cbd-moment-v1,1024,20,2028,1040,2027,1.0019831377448072,-189.8654096828195,336.4581593597821,49.07873599292859,526.3235690426015,True,911
2026-08-15-k-dimension-gsa-det-cbd-moment-v1,1024,21,2027,1040,2026,1.0019831377448072,-188.57203303533356,336.4574477962456,50.19986345760971,525.0294808315791,True,911
2026-08-15-k-dimension-gsa-det-cbd-moment-v1,1024,22,2026,1040,2025,1.0019831377448072,-187.28329613325616,336.4567358815799,51.320854881071824,523.7400320148361,True,911
2026-08-15-k-dimension-gsa-det-cbd-moment-v1,1024,23,2025,1040,2024,1.0019831377448072,-185.99920169071382,336.4560236154381,52.441712805709905,522.4552253061519,True,912
2026-08-15-k-dimension-gsa-det-cbd-moment-v1,1024,24,2024,1040,2023,1.0019831377448072,-184.71975239545512,336.4553109974731,53.57592346588815,521.1750633929282,True,912
2026-08-15-k-dimension-gsa-det-cbd-moment-v1,1024,25,2023,1040,2022,1.0019831377448072,-183.44495090849253,336.45459802733706,54.69639650849085,519.8995489358296,True,912
2026-08-15-k-dimension-gsa-det-cbd-moment-v1,1024,26,2022,1040,2021,1.0019831377448072,-182.1747998637395,336.45388470468174,55.8167457138787,518.6286845684212,True,912
2026-08-15-k-dimension-gsa-det-cbd-moment-v1,1024,27,2021,1040,2020,1.0019831377448072,-180.9093018676442,336.45317102915845,56.936973328399034,517.3624728968026,True,913
2026-08-15-k-dimension-gsa-det-cbd-moment-v1,1024,28,2020,1041,2019,1.0019816888097401,-178.86558363902384,336.74445700041787,58.057100026606484,515.6100406394416,True,914
2026-08-15-k-dimension-gsa-det-cbd-moment-v1,1024,29,2019,1041,2018,1.0019816888097401,-177.61277833928153,336.7437426181102,59.17709080397006,514.3565209573917,True,914
2026-08-15-k-dimension-gsa-det-cbd-moment-v1,1024,30,2018,1041,2017,1.0019816888097401,-176.36463196536138,336.7430278818851,60.29695182684799,513.1076598472465,True,914
2026-08-15-k-dimension-gsa-det-cbd-moment-v1,1024,31,2017,1041,2016,1.0019816888097401,-175.12114698756344,336.74231279139167,61.4167141619409,511.8634597789551,True,915
2026-08-15-k-dimension-gsa-det-cbd-moment-v1,1024,32,2016,1041,2015,1.0019816888097401,-173.8823258466309,336.74159734627864,62.59434864125609,510.6239231929095,True,915
2026-08-15-k-dimension-gsa-det-cbd-moment-v1,1024,33,2015,1041,2014,1.0019816888097401,-172.64817095336457,336.74088154619403,63.72589087990554,509.3890524995586,True,915
2026-08-15-k-dimension-gsa-det-cbd-moment-v1,1024,34,2014,1041,2013,1.0019816888097401,-171.4186846882275,336.7401653907855,64.84504372469362,508.15885007901295,True,915
2026-08-15-k-dimension-gsa-det-cbd-moment-v1,1024,35,2013,1041,2012,1.0019816888097401,-170.19386940095205,336.73944887970003,65.96411010442657,506.9333182806521,True,916
2026-08-15-k-dimension-gsa-det-cbd-moment-v1,1024,36,2012,1041,2011,1.0019816888097401,-168.9737274101386,336.70396659442355,67.08307707053547,505.6776940045621,True,916
2026-08-15-k-dimension-gsa-det-cbd-moment-v1,1024,37,2011,1041,2010,1.0019816888097401,-167.75826100285474,336.7032493709234,68.20193117842331,504.46151037377814,True,916
2026-08-15-k-dimension-gsa-det-cbd-moment-v1,1024,38,2010,1041,2009,1.0019816888097401,-166.54747243422628,336.70253179068436,69.32070408690683,503.25000422491064,True,916
2026-08-15-k-dimension-gsa-det-cbd-moment-v1,1024,39,2009,1041,2008,1.0019816888097401,-165.34136392702862,336.7018138533513,70.43936938270627,502.04317778037995,True,916
2026-08-15-k-dimension-gsa-det-cbd-moment-v1,1024,40,2008,1041,2007,1.0019816888097401,-164.13993767127263,336.7010955585688,71.55793891233083,500.8410332298414,True,917
2026-08-15-k-dimension-gsa-det-cbd-moment-v1,1024,41,2007,1041,2006,1.0019816888097401,-162.94319582378625,336.70037690598065,72.67643214899758,499.6435727297669,True,917
2026-08-15-k-dimension-gsa-det-cbd-moment-v1,1024,42,2006,1041,2005,1.0019816888097401,-161.75114050779413,336.69965789523025,73.80604165552427,498.45079840302435,True,917
2026-08-15-k-dimension-gsa-det-cbd-moment-v1,1024,43,2005,1041,2004,1.0019816888097401,-160.5637738124904,336.69893852596033,74.9242476533876,497.26271233845074,True,917
2026-08-15-k-dimension-gsa-det-cbd-moment-v1,1024,44,2004,1041,2003,1.0019816888097401,-159.38109779261222,336.69821879781324,76.04238872595369,496.0793165904255,True,918
2026-08-15-k-dimension-gsa-det-cbd-moment-v1,1024,45,2003,1041,2002,1.0019816888097401,-158.20311446800432,336.69749871043075,77.16043106411266,494.90061317843504,True,918
2026-08-15-k-dimension-gsa-det-cbd-moment-v1,1024,46,2002,1041,2001,1.0019816888097401,-157.02982582318432,336.696778263454,78.27838733947925,493.7266040866383,True,918
2026-08-15-k-dimension-gsa-det-cbd-moment-v1,1024,47,2001,1041,2000,1.0019816888097401,-155.86123380690034,336.69605745652376,79.39627744177182,492.5572912634241,True,918
2026-08-15-k-dimension-gsa-det-cbd-moment-v1,1024,48,2000,1041,1999,1.0019816888097401,-154.6973403316883,336.69533628928014,80.51407215973053,491.3926766209685,True,919
2026-08-15-k-dimension-gsa-det-cbd-moment-v1,1024,49,1999,1041,1998,1.0019816888097401,-153.5381472734219,336.6946147613627,81.63180109953215,490.2327620347846,True,919
2026-08-15-k-dimension-gsa-det-cbd-moment-v1,1024,50,1998,1041,1997,1.0019816888097401,-152.38365647086098,336.69389287241046,82.749436658483,489.07754934327147,True,919
2026-08-15-k-dimension-gsa-det-cbd-moment-v1,1024,51,1997,1041,1996,1.0019816888097401,-151.23386972519543,336.693170622062,83.86700909417794,487.9270403472574,True,919
2026-08-15-k-dimension-gsa-det-cbd-moment-v1,1024,52,1996,1041,1995,1.0019816888097401,-150.08878879958462,336.6924480099553,84.99483901130517,486.7812368095399,True,920
2026-08-15-k-dimension-gsa-det-cbd-moment-v1,1024,53,1995,1041,1994,1.0019816888097401,-148.9484154186926,336.69172503572776,86.11217079864578,485.64014045442036,True,920
2026-08-15-k-dimension-gsa-det-cbd-moment-v1,1024,54,1994,1041,1993,1.0019816888097401,-147.81275126822075,336.6910016990162,87.22944417971914,484.503752967237,True,920
2026-08-15-k-dimension-gsa-det-cbd-moment-v1,1024,55,1993,1041,1992,1.0019816888097401,-146.68179799443493,336.6902779994571,88.34662992071297,483.37207599389205,True,920
2026-08-15-k-dimension-gsa-det-cbd-moment-v1,1024,56,1992,1041,1991,1.0019816888097401,-145.55555720368855,336.68955393668614,89.4637596080434,482.24511114037466,True,920
2026-08-15-k-dimension-gsa-det-cbd-moment-v1,1024,57,1991,1041,1990,1.0019816888097401,-144.4340304619433,336.68882951033856,90.58079844564178,481.12285997228184,True,921
2026-08-15-k-dimension-gsa-det-cbd-moment-v1,1024,58,1990,1041,1989,1.0019816888097401,-143.3172192942838,336.68810472004907,91.69777463900775,480.00532401433287,True,921
2026-08-15-k-dimension-gsa-det-cbd-moment-v1,1024,59,1989,1041,1988,1.0019816888097401,-142.20512518442803,336.6873795654518,92.81468014463057,478.89250474987983,True,921
2026-08-15-k-dimension-gsa-det-cbd-moment-v1,1024,60,1988,1042,1987,1.0019802422220279,-140.42472622228624,336.9430301364496,93.93150787422572,477.36775635873585,True,922
2026-08-15-k-dimension-gsa-det-cbd-moment-v1,1024,61,1987,1042,1986,1.0019802422220279,-139.32537422804648,336.942304252137,95.05792286142498,476.26767848018346,True,923
2026-08-15-k-dimension-gsa-det-cbd-moment-v1,1024,62,1986,1042,1985,1.0019802422220279,-138.2307408675195,336.94157800241567,96.17458021449343,475.17231886993517,True,923
2026-08-15-k-dimension-gsa-det-cbd-moment-v1,1024,63,1985,1042,1984,1.0019802422220279,-137.1408274238883,336.94085138691764,97.29117353382888,474.08167881080595,True,923
2026-08-15-k-dimension-gsa-det-cbd-moment-v1,1024,64,1984,1042,1983,1.0019802422220279,-136.05563513620507,336.94012440527416,98.45986913792468,472.99575954147923,True,923
2026-08-15-k-dimension-gsa-det-cbd-moment-v1,1024,65,1983,1042,1982,1.0019802422220279,-134.97516519887634,336.93939705711614,99.57622825379181,471.91456225599245,True,924
2026-08-15-k-dimension-gsa-det-cbd-moment-v1,1024,66,1982,1042,1981,1.0019802422220279,-133.89941876114278,336.9386693420738,100.69252758598367,470.8380881032166,True,924
2026-08-15-k-dimension-gsa-det-cbd-moment-v1,1024,67,1981,1042,1980,1.0019802422220279,-132.82839692655588,336.9379412597768,101.80874597337296,469.76633818633263,True,924
2026-08-15-k-dimension-gsa-det-cbd-moment-v1,1024,68,1980,1042,1979,1.0019802422220279,-131.76210075245,336.93721280985426,102.92494178185237,468.69931356230427,True,924
2026-08-15-k-dimension-gsa-det-cbd-moment-v1,1024,69,1979,1042,1978,1.0019802422220279,-130.7005312494087,336.9364839919348,104.04107951785929,467.6370152413435,True,925
2026-08-15-k-dimension-gsa-det-cbd-moment-v1,1024,70,1978,1042,1977,1.0019802422220279,-129.64368938073017,336.9357548056464,105.15712772451775,466.5794441863766,True,925
2026-08-15-k-dimension-gsa-det-cbd-moment-v1,1024,71,1977,1042,1976,1.0019802422220279,-128.59157606188364,336.9350252506165,106.28202440415421,465.52660131250013,True,925
2026-08-15-k-dimension-gsa-det-cbd-moment-v1,1024,72,1976,1042,1975,1.0019802422220279,-127.54419215996641,336.93429532647195,107.3979227900321,464.4784874864384,True,925
2026-08-15-k-dimension-gsa-det-cbd-moment-v1,1024,73,1975,1042,1974,1.0019802422220279,-126.50153849315211,336.9335650328391,108.5137670547467,463.4351035259912,True,925
2026-08-15-k-dimension-gsa-det-cbd-moment-v1,1024,74,1974,1042,1973,1.0019802422220279,-125.46361583013777,336.9328343693437,109.62957155212489,462.3964501994815,True,926
2026-08-15-k-dimension-gsa-det-cbd-moment-v1,1024,75,1973,1042,1972,1.0019802422220279,-124.43042488958577,336.93210333561086,110.74530656753598,461.3625282251966,True,926
2026-08-15-k-dimension-gsa-det-cbd-moment-v1,1024,76,1972,1042,1971,1.0019802422220279,-123.40196633955931,336.9313719312652,111.86098939530768,460.33333827082447,True,926
2026-08-15-k-dimension-gsa-det-cbd-moment-v1,1024,77,1971,1042,1970,1.0019802422220279,-122.37824079695727,336.9306401559308,112.97658904047202,459.3088809528881,True,926
2026-08-15-k-dimension-gsa-det-cbd-moment-v1,1024,78,1970,1042,1969,1.0019802422220279,-121.35924882694069,336.92990800923104,114.09218398341686,458.28915683617174,True,927
2026-08-15-k-dimension-gsa-det-cbd-moment-v1,1024,79,1969,1042,1968,1.0019802422220279,-120.34499094235835,336.92917549078885,115.20772806339454,457.27416643314723,True,927
2026-08-15-k-dimension-gsa-det-cbd-moment-v1,1024,80,1968,1043,1967,1.001978797975744,-118.73057732484241,337.1839167242014,116.33158373074562,455.9144940490438,True,928
2026-08-15-k-dimension-gsa-det-cbd-moment-v1,1024,81,1967,1043,1966,1.001978797975744,-117.72902772979033,337.18318346114074,117.4469440831783,454.9122111909311,True,928
2026-08-15-k-dimension-gsa-det-cbd-moment-v1,1024,82,1966,1043,1965,1.001978797975744,-116.73221014649091,337.1824498252028,118.56225363534469,453.9146599716937,True,929
2026-08-15-k-dimension-gsa-det-cbd-moment-v1,1024,83,1965,1043,1964,1.001978797975744,-115.74012483701506,337.1817158160082,119.67753803363144,452.92184065302325,True,929
2026-08-15-k-dimension-gsa-det-cbd-moment-v1,1024,84,1964,1043,1963,1.001978797975744,-114.75277200788395,337.1809814331769,120.79278948888673,451.93375344106084,True,929
2026-08-15-k-dimension-gsa-det-cbd-moment-v1,1024,85,1963,1043,1962,1.001978797975744,-113.77015180946576,337.18024667632835,121.90800841614012,450.9503984857941,True,929
2026-08-15-k-dimension-gsa-det-cbd-moment-v1,1024,86,1962,1043,1961,1.001978797975744,-112.7922643353667,337.1795115450814,123.0231809791518,449.97177588044815,True,930
2026-08-15-k-dimension-gsa-det-cbd-moment-v1,1024,87,1961,1043,1960,1.001978797975744,-111.81910962181816,337.17877603905436,124.13827445521201,448.9978856608725,True,930
2026-08-15-k-dimension-gsa-det-cbd-moment-v1,1024,88,1960,1043,1959,1.001978797975744,-110.85068764705831,337.17804015786476,125.25331982197294,448.02872780492305,True,930
2026-08-15-k-dimension-gsa-det-cbd-moment-v1,1024,89,1959,1043,1958,1.001978797975744,-109.88699833071226,337.1773039011298,126.37623656854375,447.064302231842,True,930
2026-08-15-k-dimension-gsa-det-cbd-moment-v1,1024,90,1958,1043,1957,1.001978797975744,-108.92804153316328,337.1765672684659,127.49115554681046,446.1046088016292,True,930
2026-08-15-k-dimension-gsa-det-cbd-moment-v1,1024,91,1957,1043,1956,1.001978797975744,-107.97381705492344,337.17583025948903,128.6060607570075,445.1496473144125,True,931
2026-08-15-k-dimension-gsa-det-cbd-moment-v1,1024,92,1956,1043,1955,1.001978797975744,-107.02432463599722,337.17509287381444,129.72092299262576,444.19941750981167,True,931
2026-08-15-k-dimension-gsa-det-cbd-moment-v1,1024,93,1955,1043,1954,1.001978797975744,-106.07956395524302,337.1743551110569,130.8357427083934,443.25391906629994,True,931
2026-08-15-k-dimension-gsa-det-cbd-moment-v1,1024,94,1954,1043,1953,1.001978797975744,-105.13953462972769,337.1736169708306,131.95048327145872,442.3131516005583,True,931
2026-08-15-k-dimension-gsa-det-cbd-moment-v1,1024,95,1953,1044,1952,1.001977356064982,-103.6500501826684,337.46487845274896,133.06519130657298,441.11492863541736,True,933
2026-08-15-k-dimension-gsa-det-cbd-moment-v1,1024,96,1952,1044,1951,1.001977356064982,-102.72266096467199,337.46413955642504,134.17987015733704,440.18680052109704,True,933
2026-08-15-k-dimension-gsa-det-cbd-moment-v1,1024,97,1951,1044,1950,1.001977356064982,-101.79999769821784,337.4634002814712,135.29449258373666,439.26339797968905,True,933
2026-08-15-k-dimension-gsa-det-cbd-moment-v1,1024,98,1950,1044,1949,1.001977356064982,-100.88205970640973,337.46266062749913,136.4090905744709,438.34472033390887,True,933
2026-08-15-k-dimension-gsa-det-cbd-moment-v1,1024,99,1949,1044,1948,1.001977356064982,-99.96884624696253,337.4619205941201,137.53110820763794,437.43076684108263,True,934
2026-08-15-k-dimension-gsa-det-cbd-moment-v1,1024,100,1948,1044,1947,1.001977356064982,-99.06035651153081,337.46118018094455,138.64557149962866,436.52153669247537,True,934
2026-08-15-k-dimension-gsa-det-cbd-moment-v1,1024,101,1947,1044,1946,1.001977356064982,-98.15658962503164,337.4604393875825,139.76000872822482,435.6170290126141,True,934
2026-08-15-k-dimension-gsa-det-cbd-moment-v1,1024,102,1946,1044,1945,1.001977356064982,-97.25754464496396,337.42222350822465,140.87441053197873,434.6797681531886,True,934
2026-08-15-k-dimension-gsa-det-cbd-moment-v1,1024,103,1945,1044,1944,1.001977356064982,-96.36322056072378,337.4214819533171,141.9887753653094,433.7847025140409,True,934
2026-08-15-k-dimension-gsa-det-cbd-moment-v1,1024,104,1944,1044,1943,1.001977356064982,-95.47361629291434,337.4207400170493,143.1031018987427,432.89435630996365,True,935
2026-08-15-k-dimension-gsa-det-cbd-moment-v1,1024,105,1943,1044,1942,1.001977356064982,-94.588730692652,337.41999769902884,144.2173716008273,432.00872839168085,True,935
2026-08-15-k-dimension-gsa-det-cbd-moment-v1,1024,106,1942,1044,1941,1.001977356064982,-93.70856254086893,337.4192549988627,145.33162433423544,431.1278175397316,True,935
2026-08-15-k-dimension-gsa-det-cbd-moment-v1,1024,107,1941,1044,1940,1.001977356064982,-92.83311054760979,337.4185119161572,146.44583987523055,430.251622463767,True,935
2026-08-15-k-dimension-gsa-det-cbd-moment-v1,1024,108,1940,1045,1939,1.0019759164838562,-91.45158423322334,337.709768450518,147.56713161964353,429.16135268374137,True,937
2026-08-15-k-dimension-gsa-det-cbd-moment-v1,1024,109,1939,1045,1938,1.0019759164838562,-90.58867857786733,337.70902460155037,148.68122677282608,428.2977031794177,True,937
2026-08-15-k-dimension-gsa-det-cbd-moment-v1,1024,110,1938,1045,1937,1.0019759164838562,-89.73048033295034,337.70828036885865,149.795284747536,427.438760701809,True,937
2026-08-15-k-dimension-gsa-det-cbd-moment-v1,1024,111,1937,1045,1936,1.0019759164838562,-88.87698787338088,337.7075357520468,150.90932392913675,426.58452362542766,True,937
2026-08-15-k-dimension-gsa-det-cbd-moment-v1,1024,112,1936,1045,1935,1.0019759164838562,-88.02819949928114,337.70679075071814,152.02331180037424,425.73499024999927,True,938
2026-08-15-k-dimension-gsa-det-cbd-moment-v1,1024,113,1935,1045,1934,1.0019759164838562,-87.18411343525844,337.7060453644753,153.137266365882,424.89015879973374,True,938
2026-08-15-k-dimension-gsa-det-cbd-moment-v1,1024,114,1934,1045,1933,1.0019759164838562,-86.34472782967346,337.70529959292037,154.251203092824,424.0500274225938,True,938
2026-08-15-k-dimension-gsa-det-cbd-moment-v1,1024,115,1933,1045,1932,1.0019759164838562,-85.51004075390216,337.70455343565476,155.36512272543135,423.2145941895569,True,938
2026-08-15-k-dimension-gsa-det-cbd-moment-v1,1024,116,1932,1045,1931,1.0019759164838562,-84.68005020159649,337.7038068922793,156.47897253024922,422.3838570938758,True,939
2026-08-15-k-dimension-gsa-det-cbd-moment-v1,1024,117,1931,1045,1930,1.0019759164838562,-83.85475408793917,337.7030599623942,157.5927902936532,421.5578140503334,True,939
2026-08-15-k-dimension-gsa-det-cbd-moment-v1,1024,118,1930,1045,1929,1.0019759164838562,-83.03415024889468,337.702312645599,158.71331963303683,420.7364628944937,True,939
2026-08-15-k-dimension-gsa-det-cbd-moment-v1,1024,119,1929,1045,1928,1.0019759164838562,-82.21823644045783,337.7015649414927,159.82704377095683,419.9198013819505,True,939
2026-08-15-k-dimension-gsa-det-cbd-moment-v1,1024,120,1928,1046,1927,1.001974479226501,-80.93562873112086,337.9928168496735,160.94077504739954,418.92844558079435,True,940
2026-08-15-k-dimension-gsa-det-cbd-moment-v1,1024,121,1927,1046,1926,1.001974479226501,-80.13214252540502,337.99206836973923,162.05443325701688,418.12421089514424,True,941
2026-08-15-k-dimension-gsa-det-cbd-moment-v1,1024,122,1926,1046,1925,1.001974479226501,-79.3333341085483,337.95284535347236,163.1680664653685,417.28617946202064,True,941
2026-08-15-k-dimension-gsa-det-cbd-moment-v1,1024,123,1925,1046,1924,1.001974479226501,-78.53920086057165,337.9520960960985,164.28164860832916,416.49129695667017,True,941
2026-08-15-k-dimension-gsa-det-cbd-moment-v1,1024,124,1924,1046,1923,1.001974479226501,-77.74974007737676,337.95134644939895,165.39523394608494,415.7010865267757,True,941
2026-08-15-k-dimension-gsa-det-cbd-moment-v1,1024,125,1923,1046,1922,1.001974479226501,-76.96494896997017,337.95059641296876,166.50876885513344,414.91554538293894,True,942
2026-08-15-k-dimension-gsa-det-cbd-moment-v1,1024,126,1922,1046,1921,1.001974479226501,-76.1848246636854,337.94984598640264,167.6222769910677,414.134670650088,True,942
2026-08-15-k-dimension-gsa-det-cbd-moment-v1,1024,127,1921,1046,1920,1.001974479226501,-75.40936419740052,337.9490951692944,168.74219877134007,413.35845936669494,True,942
2026-08-15-k-dimension-gsa-det-cbd-moment-v1,1024,128,1920,1046,1919,1.001974479226501,-74.63856452275229,337.9483439612374,169.92266512140822,412.5869084839897,True,942
2026-08-15-k-dimension-gsa-det-cbd-moment-v1,1024,129,1919,1046,1918,1.001974479226501,-73.87242250334766,337.94759236182426,171.03600253882865,411.8200148651719,True,943
2026-08-15-k-dimension-gsa-det-cbd-moment-v1,1024,130,1918,1047,1917,1.0019730442870705,-72.67207807449549,338.23884037064704,172.14932367054723,410.91091844514256,True,944
2026-08-15-k-dimension-gsa-det-cbd-moment-v1,1024,131,1917,1047,1916,1.0019730442870705,-71.91823631540518,338.2380879872971,173.26264264193,410.1563243027023,True,944
2026-08-15-k-dimension-gsa-det-cbd-moment-v1,1024,132,1916,1047,1915,1.0019730442870705,-71.16903672203928,338.2373352113651,174.37589784008793,409.4063719334044,True,944
2026-08-15-k-dimension-gsa-det-cbd-moment-v1,1024,133,1915,1047,1914,1.0019730442870705,-70.42447574605404,338.2365820424412,175.48911626370523,408.66105778849527,True,944
2026-08-15-k-dimension-gsa-det-cbd-moment-v1,1024,134,1914,1047,1913,1.0019730442870705,-69.68454974675412,338.23582848011495,176.60233665971353,407.92037822686905,True,945
2026-08-15-k-dimension-gsa-det-cbd-moment-v1,1024,135,1913,1047,1912,1.0019730442870705,-68.94925499028558,338.235074523975,177.71551318381495,407.1843295142606,True,945
2026-08-15-k-dimension-gsa-det-cbd-moment-v1,1024,136,1912,1047,1911,1.0019730442870705,-68.21858764882623,338.23432017360966,178.83476151404648,406.4529078224359,True,945
2026-08-15-k-dimension-gsa-det-cbd-moment-v1,1024,137,1911,1047,1910,1.0019730442870705,-67.49254379977303,338.23356542860637,179.94785349732945,405.7261092283794,True,945
2026-08-15-k-dimension-gsa-det-cbd-moment-v1,1024,138,1910,1047,1909,1.0019730442870705,-66.77111942492773,338.232810288552,181.06092190272568,405.00392971347975,True,946
2026-08-15-k-dimension-gsa-det-cbd-moment-v1,1024,139,1909,1048,1908,1.0019716116597392,-65.64433617775846,338.52405475303283,182.17404442595966,404.1683909307913,True,947
2026-08-15-k-dimension-gsa-det-cbd-moment-v1,1024,140,1908,1048,1907,1.0019716116597392,-64.9350735972574,338.5232988216344,183.28709636420757,403.4583724188918,True,947
2026-08-15-k-dimension-gsa-det-cbd-moment-v1,1024,141,1907,1048,1906,1.0019716116597392,-64.23041180890867,338.52254249394167,184.40008572045312,402.75295430285036,True,947
2026-08-15-k-dimension-gsa-det-cbd-moment-v1,1024,142,1906,1048,1905,1.0019716116597392,-63.53034634903341,338.52178576953884,185.5130164280079,402.0521321185722,True,948
2026-08-15-k-dimension-gsa-det-cbd-moment-v1,1024,143,1905,1048,1904,1.0019716116597392,-62.83487265392356,338.5210286480096,186.62592594463695,401.35590130193316,True,948
2026-08-15-k-dimension-gsa-det-cbd-moment-v1,1024,144,1904,1048,1903,1.0019716116597392,-62.14398605901418,338.4807427647502,187.738813031392,400.62472882376437,True,948
2026-08-15-k-dimension-gsa-det-cbd-moment-v1,1024,145,1903,1048,1902,1.0019716116597392,-61.45768179805467,338.47998484771625,188.85166938879343,399.93766664577095,True,948
2026-08-15-k-dimension-gsa-det-cbd-moment-v1,1024,146,1902,1048,1901,1.0019716116597392,-60.77595500227797,338.47922653230285,189.97033445303845,399.2551815345808,True,949
2026-08-15-k-dimension-gsa-det-cbd-moment-v1,1024,147,1901,1048,1900,1.0019716116597392,-60.09880069956874,338.4784678180908,191.0831721887032,398.57726851765955,True,949
2026-08-15-k-dimension-gsa-det-cbd-moment-v1,1024,148,1900,1049,1899,1.0019701813387012,-59.044490767927066,338.7697087046606,192.19603874512848,397.8141994725877,True,950
2026-08-15-k-dimension-gsa-det-cbd-moment-v1,1024,149,1899,1049,1898,1.0019701813387012,-58.379337152531704,338.7689491915918,193.30880710699876,397.1482863441235,True,950
2026-08-15-k-dimension-gsa-det-cbd-moment-v1,1024,150,1898,1049,1897,1.0019701813387012,-57.71873391085175,338.7681892784634,194.42158903871166,396.4869231893152,True,950
2026-08-15-k-dimension-gsa-det-cbd-moment-v1,1024,151,1897,1049,1896,1.0019701813387012,-57.06267559120199,338.76742896485376,195.53431599414364,395.83010455605574,True,951
2026-08-15-k-dimension-gsa-det-cbd-moment-v1,1024,152,1896,1049,1895,1.0019701813387012,-56.41115663405869,338.76666825034056,196.64701930645847,395.17782488439923,True,951
2026-08-15-k-dimension-gsa-det-cbd-moment-v1,1024,153,1895,1049,1894,1.0019701813387012,-55.764171371222076,338.7659071345007,197.7596777945483,394.53007850572277,True,951
2026-08-15-k-dimension-gsa-det-cbd-moment-v1,1024,154,1894,1049,1893,1.0019701813387012,-55.121714024979994,338.7651456169107,198.8723342100272,393.8868596418907,True,951
2026-08-15-k-dimension-gsa-det-cbd-moment-v1,1024,155,1893,1050,1892,1.001968753318171,-54.1240046912651,339.056383697146,199.99054468733803,393.1803883884111,True,953
2026-08-15-k-dimension-gsa-det-cbd-moment-v1,1024,156,1892,1050,1891,1.001968753318171,-53.49340119513136,339.05562137478165,201.10314731684096,392.549022569913,True,953
2026-08-15-k-dimension-gsa-det-cbd-moment-v1,1024,157,1891,1050,1890,1.001968753318171,-52.86730060776134,339.05485864939203,202.21569422563775,391.92215925715334,True,953
2026-08-15-k-dimension-gsa-det-cbd-moment-v1,1024,158,1890,1050,1889,1.001968753318171,-52.24569664501673,339.0540955205507,203.32823894944633,391.2997921655674,True,953
2026-08-15-k-dimension-gsa-det-cbd-moment-v1,1024,159,1889,1050,1888,1.001968753318171,-51.62858290876513,339.05333198783063,204.4407784661974,390.68191489659574,True,954
2026-08-15-k-dimension-gsa-det-cbd-moment-v1,1024,160,1888,1050,1887,1.001968753318171,-51.01595288604435,339.0525680508041,205.55327418029742,390.0685209368485,True,954
2026-08-15-k-dimension-gsa-det-cbd-moment-v1,1024,161,1887,1050,1886,1.001968753318171,-50.40779994823127,339.0518037090427,206.6657531265866,389.459603657274,True,954
2026-08-15-k-dimension-gsa-det-cbd-moment-v1,1024,162,1886,1050,1885,1.001968753318171,-49.804117350208095,339.05103896211733,207.77820774515948,388.85515631232545,True,954
2026-08-15-k-dimension-gsa-det-cbd-moment-v1,1024,163,1885,1051,1884,1.001967327592382,-48.86936957440764,339.30163182510097,208.89065771022135,388.1710013995086,True,955
2026-08-15-k-dimension-gsa-det-cbd-moment-v1,1024,164,1884,1051,1883,1.001967327592382,-48.277356794246224,339.3008662665577,210.00308496074626,387.5782230608039,True,956
2026-08-15-k-dimension-gsa-det-cbd-moment-v1,1024,165,1883,1051,1882,1.001967327592382,-47.68978589041326,339.30010030155916,211.12084587442627,386.9898861919724,True,956
2026-08-15-k-dimension-gsa-det-cbd-moment-v1,1024,166,1882,1051,1881,1.001967327592382,-47.106649581230485,339.2993339296735,212.23324865461112,386.405983510904,True,956
2026-08-15-k-dimension-gsa-det-cbd-moment-v1,1024,167,1881,1051,1880,1.001967327592382,-46.52794046411875,339.29856715046816,213.34557285388738,385.8265076145869,True,956
2026-08-15-k-dimension-gsa-det-cbd-moment-v1,1024,168,1880,1051,1879,1.001967327592382,-45.95365101478001,339.29779996350993,214.4579348027088,385.25145097828994,True,957
2026-08-15-k-dimension-gsa-det-cbd-moment-v1,1024,169,1879,1051,1878,1.001967327592382,-45.383773586381785,339.29703236836497,215.57022566954583,384.68080595474675,True,957
2026-08-15-k-dimension-gsa-det-cbd-moment-v1,1024,170,1878,1052,1877,1.0019659041555877,-44.503712916985755,339.5882643645987,216.6824998239006,384.09197728158443,True,958
2026-08-15-k-dimension-gsa-det-cbd-moment-v1,1024,171,1877,1052,1876,1.0019659041555877,-43.9453236391858,339.5874959517758,217.7947677293062,383.5328195909616,True,958
2026-08-15-k-dimension-gsa-det-cbd-moment-v1,1024,172,1876,1052,1875,1.0019659041555877,-43.39131471270709,339.5867271294603,218.90703255691258,382.9780418421674,True,959
2026-08-15-k-dimension-gsa-det-cbd-moment-v1,1024,173,1875,1052,1874,1.0019659041555877,-42.84167792840548,339.5859578972155,220.01922850514916,382.427635825621,True,959
2026-08-15-k-dimension-gsa-det-cbd-moment-v1,1024,174,1874,1052,1873,1.0019659041555877,-42.29640495033515,339.5851882546041,221.13661491157484,381.88159320493924,True,959
2026-08-15-k-dimension-gsa-det-cbd-moment-v1,1024,175,1873,1052,1872,1.0019659041555877,-41.75548731495859,339.584418201188,222.2488027948809,381.3399055161466,True,959
2026-08-15-k-dimension-gsa-det-cbd-moment-v1,1024,176,1872,1052,1871,1.0019659041555877,-41.21891643036168,339.5836477365283,223.3609205185523,380.80256416688997,True,959
2026-08-15-k-dimension-gsa-det-cbd-moment-v1,1024,177,1871,1053,1870,1.0019644830020615,-40.39252400399727,339.87487686018574,224.47307016300525,380.267400864183,True,961
2026-08-15-k-dimension-gsa-det-cbd-moment-v1,1024,178,1870,1052,1869,1.0019659041555877,-40.15877989929108,339.5821055717199,225.58516445783286,379.740885471011,True,961
2026-08-15-k-dimension-gsa-det-cbd-moment-v1,1024,179,1869,1051,1867,1.001967327592382,-39.925850384811305,339.2893338706901,226.69726739371265,379.2151842555014,True,961
2026-08-15-k-dimension-gsa-det-cbd-moment-v1,1024,180,1868,1049,1864,1.0019701813387012,-39.98500986752956,338.7045617566546,227.80928430233365,378.68957162418417,True,961
2026-08-15-k-dimension-gsa-det-cbd-moment-v1,1024,181,1867,1048,1863,1.0019716116597392,-39.75238407110157,338.4117892291711,228.9213560116786,378.1641733002727,True,962
2026-08-15-k-dimension-gsa-det-cbd-moment-v1,1024,182,1866,1046,1860,1.001974479226501,-39.81162925456254,337.82701628779665,230.03336830097297,377.6386455423592,True,962
2026-08-15-k-dimension-gsa-det-cbd-moment-v1,1024,183,1865,1044,1858,1.001977356064982,-39.87117442098619,337.2422429320875,231.150374771673,377.1134173530737,True,963
2026-08-15-k-dimension-gsa-det-cbd-moment-v1,1024,184,1864,1043,1856,1.001978797975744,-39.63879875883344,336.9494691615992,232.26235972694002,376.58826792043266,True,963
2026-08-15-k-dimension-gsa-det-cbd-moment-v1,1024,185,1863,1041,1853,1.0019816888097401,-39.69860994109089,336.36469497588655,233.3742793683676,376.0633049169775,True,964
2026-08-15-k-dimension-gsa-det-cbd-moment-v1,1024,186,1862,1040,1852,1.0019831377448072,-39.466518968739756,336.07192037450375,234.48624492840537,375.5384393432435,True,964
2026-08-15-k-dimension-gsa-det-cbd-moment-v1,1024,187,1861,1038,1849,1.0019860426808138,-39.52641802301646,335.4871453570041,235.5981761276701,375.01356338002057,True,964
2026-08-15-k-dimension-gsa-det-cbd-moment-v1,1024,188,1860,1037,1847,1.001987498693709,-39.294902294847894,335.1943699229403,236.71003132619987,374.4892722177882,True,964
2026-08-15-k-dimension-gsa-det-cbd-moment-v1,1024,189,1859,1036,1846,1.0019889570778704,-39.06393284428018,334.90159407186445,237.82192702582176,373.96552691614465,True,965
2026-08-15-k-dimension-gsa-det-cbd-moment-v1,1024,190,1858,1035,1844,1.0019904178393275,-38.833789291250596,334.60881780332755,238.9337839295322,373.44260709457814,True,965
2026-08-15-k-dimension-gsa-det-cbd-moment-v1,1024,191,1857,1035,1843,1.0019904178393275,-38.31715986595388,334.6080411168803,240.04563727712667,372.9252009828342,True,965
2026-08-15-k-dimension-gsa-det-cbd-moment-v1,1024,192,1856,1034,1841,1.001991880984131,-38.08941505600696,334.31526401207253,241.15746649149438,372.4046790680795,True,965
2026-08-15-k-dimension-gsa-det-cbd-moment-v1,1024,193,1855,1034,1840,1.001991880984131,-37.57881913577011,334.3144864884531,242.2740989718308,371.8933056242232,True,965
2026-08-15-k-dimension-gsa-det-cbd-moment-v1,1024,194,1854,1033,1838,1.0019933465183521,-37.353473895608595,334.02170854557045,243.3858570700715,371.37518244117905,True,965
2026-08-15-k-dimension-gsa-det-cbd-moment-v1,1024,195,1853,1032,1836,1.001994814448084,-37.12884468167698,333.7289301829722,244.49766422879745,370.8577748646492,True,966
2026-08-15-k-dimension-gsa-det-cbd-moment-v1,1024,196,1852,1024,1830,1.002006644862448,-38.9039197247798,331.4327933847025,245.60936745609234,370.3367131094823,True,966
2026-08-15-k-dimension-gsa-det-cbd-moment-v1,1024,197,1851,1022,1827,1.0020096268540937,-38.9651571906544,330.84801418131286,246.72108987868938,369.81317137196726,True,966
2026-08-15-k-dimension-gsa-det-cbd-moment-v1,1024,198,1850,1021,1826,1.002011121542671,-38.73458490759183,330.55523455684596,247.83279330268394,369.2898194644378,True,966
2026-08-15-k-dimension-gsa-det-cbd-moment-v1,1024,199,1849,1019,1823,1.0020141183370994,-38.79591545798918,329.9704545108465,248.9445270220017,368.76636996883565,True,966
2026-08-15-k-dimension-gsa-det-cbd-moment-v1,1024,200,1848,1017,1821,1.0020171250638394,-38.857582596948234,329.38567404285834,250.05632571856896,368.2432566398066,True,967
2026-08-15-k-dimension-gsa-det-cbd-moment-v1,1024,201,1847,1016,1819,1.002018632167891,-38.627229821838455,329.0928931524247,251.16785865870744,367.7201229742632,True,967
2026-08-15-k-dimension-gsa-det-cbd-moment-v1,1024,202,1846,1014,1816,1.0020216538896842,-38.689152517179195,328.50811183908803,252.28415327982546,367.1972643562672,True,967
2026-08-15-k-dimension-gsa-det-cbd-moment-v1,1024,203,1845,1013,1815,1.0020231685204255,-38.45910093451787,328.21533010239006,253.39578403122044,366.67443103690795,True,967
2026-08-15-k-dimension-gsa-det-cbd-moment-v1,1024,204,1844,1013,1813,1.0020231685204255,-37.94048041827742,328.2145479418716,254.50740288496004,366.155028360149,True,967
2026-08-15-k-dimension-gsa-det-cbd-moment-v1,1024,205,1843,1012,1812,1.0020246856731014,-37.71282308550287,327.92176535707296,255.61896264750615,365.6345884425758,True,967
2026-08-15-k-dimension-gsa-det-cbd-moment-v1,1024,206,1842,1012,1811,1.0020246856731014,-37.20020724600676,327.9209823475336,256.730585225006,365.12118959354035,True,968
2026-08-15-k-dimension-gsa-det-cbd-moment-v1,1024,207,1841,1011,1809,1.002026205354269,-36.975095682750826,327.6281989127922,257.8421163419779,364.603294595543,True,968
2026-08-15-k-dimension-gsa-det-cbd-moment-v1,1024,208,1840,1010,1807,1.0020277275705092,-36.75070454205165,327.3354150523866,258.95366596787494,364.0861195944383,True,968
2026-08-15-k-dimension-gsa-det-cbd-moment-v1,1024,209,1839,1003,1801,1.0020384546239194,-38.2494446349562,325.33015913004084,260.0651461854451,363.57960376499705,True,968
2026-08-15-k-dimension-gsa-det-cbd-moment-v1,1024,210,1838,1002,1799,1.0020399973604648,-38.020466294350435,325.03737441691794,261.1766345141491,363.0578407112684,True,968
2026-08-15-k-dimension-gsa-det-cbd-moment-v1,1024,211,1837,1000,1797,1.0020430906264575,-38.0831862971508,324.4525892767403,262.29264755631505,362.5357755738911,True,969
2026-08-15-k-dimension-gsa-det-cbd-moment-v1,1024,212,1836,998,1794,1.0020461943285675,-38.14651332812104,323.86780370904273,263.4041116355431,362.0143170371638,True,969
2026-08-15-k-dimension-gsa-det-cbd-moment-v1,1024,213,1835,997,1793,1.002047750110351,-37.917488707040604,323.57501771335944,264.51557749034833,361.49250642040005,True,969
2026-08-15-k-dimension-gsa-det-cbd-moment-v1,1024,214,1834,995,1790,1.002050869569962,-37.980916628979905,322.99023128922397,265.6270200854359,360.9711479182039,True,969
2026-08-15-k-dimension-gsa-det-cbd-moment-v1,1024,215,1833,994,1788,1.0020524332616978,-37.752455746172714,322.6974444361688,266.7384362053465,360.4499001823415,True,969
2026-08-15-k-dimension-gsa-det-cbd-moment-v1,1024,216,1832,992,1786,1.0020555686039918,-37.81588207633132,322.1126571537259,267.84985249045326,359.9285392300572,True,970
2026-08-15-k-dimension-gsa-det-cbd-moment-v1,1024,217,1831,991,1784,1.0020571402686096,-37.58781458797659,321.81986944142625,268.9612400612898,359.40768402940284,True,970
2026-08-15-k-dimension-gsa-det-cbd-moment-v1,1024,218,1830,991,1783,1.0020571402686096,-37.07114041649403,321.8190812988003,270.07261117209543,358.89022171529433,True,970
2026-08-15-k-dimension-gsa-det-cbd-moment-v1,1024,219,1829,990,1781,1.0020587146049569,-36.84551690877385,321.52629272537763,271.1840086796781,358.3718096341515,True,970
2026-08-15-k-dimension-gsa-det-cbd-moment-v1,1024,220,1828,990,1780,1.0020587146049569,-36.335058350100205,321.52550372068697,272.2953548035323,357.8605620707872,True,970
2026-08-15-k-dimension-gsa-det-cbd-moment-v1,1024,221,1827,989,1778,1.0020602916201269,-36.11187981059729,321.23271428425636,273.41104588864414,357.3445940948536,True,971
2026-08-15-k-dimension-gsa-det-cbd-moment-v1,1024,222,1826,989,1777,1.0020602916201269,-35.607625956555246,321.2319244156131,274.52238932739806,356.83955037216833,True,971
2026-08-15-k-dimension-gsa-det-cbd-moment-v1,1024,223,1825,981,1771,1.0020730050388724,-37.388518839461476,318.9336082620983,275.63361785142445,356.3221271015599,True,971
2026-08-15-k-dimension-gsa-det-cbd-moment-v1,1024,224,1824,980,1769,1.0020746064869357,-37.16135131313928,318.64081752760825,276.7449277655435,355.80216884074787,True,971
2026-08-15-k-dimension-gsa-det-cbd-moment-v1,1024,225,1823,978,1766,1.0020778176440153,-37.225957813093245,318.05602635948264,277.85619337688723,355.28198417257704,True,971
2026-08-15-k-dimension-gsa-det-cbd-moment-v1,1024,226,1822,976,1764,1.0020810398650513,-37.290839388836524,317.47123475724555,278.9674339911582,354.76207414608575,True,972
2026-08-15-k-dimension-gsa-det-cbd-moment-v1,1024,227,1821,975,1762,1.0020826551431616,-37.063782269370556,317.1784427204204,280.07867144712856,354.2422249898007,True,972
2026-08-15-k-dimension-gsa-det-cbd-moment-v1,1024,228,1820,973,1760,1.0020858940720236,-37.128841488052124,316.5936502485296,281.18990383277537,353.72249173661345,True,972
2026-08-15-k-dimension-gsa-det-cbd-moment-v1,1024,229,1819,972,1758,1.0020875177378408,-36.902173697569964,316.300857341095,282.30111143034566,353.20303103874903,True,972
2026-08-15-k-dimension-gsa-det-cbd-moment-v1,1024,230,1818,971,1756,1.002089144214671,-36.67623331065355,316.00806399763763,283.41657416512203,352.68429730851415,True,973
2026-08-15-k-dimension-gsa-det-cbd-moment-v1,1024,231,1817,970,1754,1.0020907735101172,-36.451020679434144,315.7152702176777,284.52778007308825,352.16629089770174,True,973
2026-08-15-k-dimension-gsa-det-cbd-moment-v1,1024,232,1816,970,1753,1.0020907735101172,-35.93908494636962,315.71447600073446,285.6389381136485,351.65356094837915,True,973
2026-08-15-k-dimension-gsa-det-cbd-moment-v1,1024,233,1815,969,1751,1.0020924056318092,-35.716338588080255,315.42168134632664,286.7500442887014,351.13801993778094,True,973
2026-08-15-k-dimension-gsa-det-cbd-moment-v1,1024,234,1814,969,1750,1.0020924056318092,-35.21069817547899,315.42088625397207,287.8611940917788,350.6315844367436,True,973
2026-08-15-k-dimension-gsa-det-cbd-moment-v1,1024,235,1813,968,1749,1.002094040587405,-34.990284174083655,315.1280907231877,288.9723265954516,350.118374916569,True,974
2026-08-15-k-dimension-gsa-det-cbd-moment-v1,1024,236,1812,961,1743,1.0021055652751538,-36.486439565849935,313.1207694589084,290.0833727183409,349.60720919234024,True,974
2026-08-15-k-dimension-gsa-det-cbd-moment-v1,1024,237,1811,959,1740,1.0021088839911647,-36.55266125762669,312.53597304981236,291.1945066723498,349.0886348503804,True,974
2026-08-15-k-dimension-gsa-det-cbd-moment-v1,1024,238,1810,957,1738,1.0021122143554624,-36.61924457959938,311.9511762008328,292.3055783533276,348.5704225394087,True,974
2026-08-15-k-dimension-gsa-det-cbd-moment-v1,1024,239,1809,956,1736,1.0021138839256791,-36.393553932698396,311.65837891148345,293.4166042048524,348.05193749846154,True,975
2026-08-15-k-dimension-gsa-det-cbd-moment-v1,1024,240,1808,954,1733,1.0021172318824318,-36.460434611507225,311.0735811812774,294.5317744011449,347.53403091419295,True,975
2026-08-15-k-dimension-gsa-det-cbd-moment-v1,1024,241,1807,953,1732,1.002118910285131,-36.23501927559605,310.78078300972686,295.6428198456407,347.0158422970715,True,975
2026-08-15-k-dimension-gsa-det-cbd-moment-v1,1024,242,1806,952,1730,1.0021205916482048,-36.01044512997108,310.48798439634305,296.7538352559101,346.49853539505494,True,975
2026-08-15-k-dimension-gsa-det-cbd-moment-v1,1024,243,1805,951,1728,1.0021222759798105,-35.78660292026616,310.1951853406368,297.86487672570667,345.98206837800683,True,976
2026-08-15-k-dimension-gsa-det-cbd-moment-v1,1024,244,1804,951,1727,1.0021222759798105,-35.275824229112466,310.19438584211764,298.97589048103794,345.4708153839738,True,976
2026-08-15-k-dimension-gsa-det-cbd-moment-v1,1024,245,1803,950,1725,1.002123963288137,-35.05446921300375,309.90158590029455,300.0868302947596,344.9576561367786,True,976
2026-08-15-k-dimension-gsa-det-cbd-moment-v1,1024,246,1802,949,1723,1.0021256535814027,-34.83384742016744,309.6087855146758,301.19783320777196,344.44686535139937,True,976
2026-08-15-k-dimension-gsa-det-cbd-moment-v1,1024,247,1801,949,1722,1.0021256535814027,-34.331201392435915,309.6079846847685,302.30881086155307,343.94831730470145,True,977
2026-08-15-k-dimension-gsa-det-cbd-moment-v1,1024,248,1800,948,1720,1.002127346867858,-34.11306863555409,309.3151834100792,303.4197512789834,343.45228736688665,True,977
2026-08-15-k-dimension-gsa-det-cbd-moment-v1,1024,249,1799,948,1719,1.002127346867858,-33.616788294044184,309.3143816901137,304.5346921200544,342.9827589190648,True,977
2026-08-15-k-dimension-gsa-det-cbd-moment-v1,1024,250,1798,949,1719,1.0021256535814027,-32.8508820244618,309.6055795243767,305.64562136441083,342.5463108091025,True,977
2026-08-15-k-dimension-gsa-det-cbd-moment-v1,1024,251,1797,951,1719,1.0021222759798105,-31.829223356029757,310.1887769123722,306.75654132707336,342.14581717053153,True,978
2026-08-15-k-dimension-gsa-det-cbd-moment-v1,1024,252,1796,953,1719,1.002118910285131,-30.83026910015109,310.7719738536034,307.8674540778838,341.7830943216842,True,978
2026-08-15-k-dimension-gsa-det-cbd-moment-v1,1024,253,1795,958,1722,1.002110547713293,-29.09764853959335,312.19369564215395,308.97835555090654,341.4388695622796,True,978
2026-08-15-k-dimension-gsa-det-cbd-moment-v1,1024,254,1794,959,1721,1.0021088839911647,-28.40573990296095,312.4848916883628,310.089243921131,341.1416380195591,True,978
2026-08-15-k-dimension-gsa-det-cbd-moment-v1,1024,255,1793,962,1722,1.0021039102654064,-27.246888642361434,313.3600872863119,311.2001150653198,340.89829725685524,True,979
2026-08-15-k-dimension-gsa-det-cbd-moment-v1,1024,256,1792,965,1723,1.002098962534624,-26.122860382075295,314.2352824355011,312.35295370902907,340.70438552000695,True,979
2026-08-15-k-dimension-gsa-det-cbd-moment-v1,1024,257,1791,968,1724,1.002094040587405,-25.033063665262535,315.0720029876149,313.46379943921596,340.51432889598567,True,979
2026-08-15-k-dimension-gsa-det-cbd-moment-v1,1024,258,1790,971,1725,1.002089144214671,-23.976905566117807,315.94719723778053,314.5785327492361,340.3963301511282,True,979
2026-08-15-k-dimension-gsa-det-cbd-moment-v1,1024,259,1789,975,1726,1.0020826551431616,-22.746085973645407,317.11439103768083,315.6892808463251,340.31716849923095,True,980
2026-08-15-k-dimension-gsa-det-cbd-moment-v1,1024,260,1788,978,1727,1.0020778176440153,-21.76228334409937,317.9895843868122,316.8000459053292,340.27637588120007,True,980
2026-08-15-k-dimension-gsa-det-cbd-moment-v1,1024,261,1787,981,1728,1.0020730050388724,-20.81019487359316,318.8252489204838,317.9108546516111,340.2495096054625,True,980
2026-08-15-k-dimension-gsa-det-cbd-moment-v1,1024,262,1786,984,1729,1.002068217128402,-19.889223587926487,319.7004413665635,319.0215717463766,340.28979791133804,True,980
2026-08-15-k-dimension-gsa-det-cbd-moment-v1,1024,263,1785,988,1731,1.0020618713212395,-18.819033587101032,320.86763336035875,320.1323404659106,340.365366342259,True,981
2026-08-15-k-dimension-gsa-det-cbd-moment-v1,1024,264,1784,992,1732,1.0020555686039918,-17.79272647439536,321.9941829168652,321.2430563762554,340.45968721696335,True,981
2026-08-15-k-dimension-gsa-det-cbd-moment-v1,1024,265,1783,995,1733,1.002050869569962,-16.973796473463224,322.8693740045699,322.3537846352202,340.6082868772178,True,981
2026-08-15-k-dimension-gsa-det-cbd-moment-v1,1024,266,1782,998,1734,1.0020461943285675,-16.183318326354467,323.74456463846684,323.4644841064419,340.79462880242056,True,982
2026-08-15-k-dimension-gsa-det-cbd-moment-v1,1024,267,1781,1001,1735,1.0020415426923712,-15.420694772054508,324.61975481804654,324.57512439199934,341.01830695300754,True,982
2026-08-15-k-dimension-gsa-det-cbd-moment-v1,1024,268,1780,1005,1736,1.0020353769097583,-14.53812874172607,325.74512436710404,325.6896100697728,341.25576296453875,True,982
2026-08-15-k-dimension-gsa-det-cbd-moment-v1,1024,269,1779,1008,1737,1.002030779634646,-13.83496125034998,326.62031363651744,326.8003491325581,341.54809916789793,True,982
2026-08-15-k-dimension-gsa-det-cbd-moment-v1,1024,270,1778,1012,1738,1.0020246856731014,-13.022648486117088,327.78750245008007,327.91104933461287,341.8732464848716,True,983
2026-08-15-k-dimension-gsa-det-cbd-moment-v1,1024,271,1777,1015,1739,1.002020141774343,-12.37599245816094,328.662690807279,329.02172044645124,342.2293379149528,True,983
2026-08-15-k-dimension-gsa-det-cbd-moment-v1,1024,272,1776,1019,1741,1.0020141183370994,-11.630268497620554,329.78680998570854,330.13237595731874,342.60018342322905,True,983
2026-08-15-k-dimension-gsa-det-cbd-moment-v1,1024,273,1775,1022,1741,1.0020096268540937,-11.037262790648633,330.6619974286378,331.24306022631515,343.0188497575147,True,984
2026-08-15-k-dimension-gsa-det-cbd-moment-v1,1024,274,1774,1026,1743,1.0020036726760546,-10.354605709557761,331.8291844136595,332.3536937633566,343.4697511366646,True,984
2026-08-15-k-dimension-gsa-det-cbd-moment-v1,1024,275,1773,1030,1744,1.0019977575185544,-9.705031242324461,332.95197682089866,333.46434072694205,343.93581682347946,True,984
2026-08-15-k-dimension-gsa-det-cbd-moment-v1,1024,276,1772,1033,1745,1.0019933465183521,-9.189199169659997,333.82716288855494,334.57485994294626,344.43811606890046,True,984
2026-08-15-k-dimension-gsa-det-cbd-moment-v1,1024,277,1771,1036,1746,1.0019889570778704,-8.694678568188772,334.7023484967519,335.6892182214444,344.9732493401241,True,985
2026-08-15-k-dimension-gsa-det-cbd-moment-v1,1024,278,1770,1039,1746,1.0019845890331758,-8.220932983891728,335.5775336449703,336.7998189319364,345.53535722980433,True,985
2026-08-15-k-dimension-gsa-det-cbd-moment-v1,1024,279,1769,1044,1748,1.001977356064982,-7.589975643326448,336.99091464307725,337.9104018777134,346.1126799054567,True,985
2026-08-15-k-dimension-gsa-det-cbd-moment-v1,1024,280,1768,1046,1749,1.001974479226501,-7.2481563812944545,337.57409886977825,339.02094132226244,346.7199245474377,True,986
2026-08-15-k-dimension-gsa-det-cbd-moment-v1,1024,281,1767,1050,1750,1.001968753318171,-6.756598993017056,338.74128263493844,340.13150208279353,347.3543437046546,True,986
2026-08-15-k-dimension-gsa-det-cbd-moment-v1,1024,282,1766,1053,1751,1.0019644830020615,-6.367554483987803,339.61646593803533,341.24202379655736,348.0145735274279,True,986
2026-08-15-k-dimension-gsa-det-cbd-moment-v1,1024,283,1765,1057,1752,1.0019588211067785,-5.923818285723941,340.7836487785454,342.3525678683161,348.69545126296,True,987
2026-08-15-k-dimension-gsa-det-cbd-moment-v1,1024,284,1764,1060,1753,1.0019545983818912,-5.573065433843065,341.611525441166,343.46308758381133,349.3890156700741,True,987
2026-08-15-k-dimension-gsa-det-cbd-moment-v1,1024,285,1763,1064,1754,1.0019489993904,-5.173901193984211,342.77870735492866,344.5736655604238,350.1129008799359,True,987
2026-08-15-k-dimension-gsa-det-cbd-moment-v1,1024,286,1762,1067,1755,1.001944823434622,-4.858803049794195,343.6538888045289,345.6840567752659,350.8588045818343,True,987
2026-08-15-k-dimension-gsa-det-cbd-moment-v1,1024,287,1761,1071,1756,1.001939286263672,-4.501045541513663,344.82106978943966,346.7980951514439,351.62569307802084,True,988
2026-08-15-k-dimension-gsa-det-cbd-moment-v1,1024,288,1760,1074,1757,1.0019351562741032,-4.219034484438338,345.6473407086522,347.9085494993101,352.40091740425356,True,988
2026-08-15-k-dimension-gsa-det-cbd-moment-v1,1024,289,1759,1078,1758,1.001929679865681,-3.8996102445183753,346.81452076259944,349.01896542091265,353.20186710484194,True,988
2026-08-15-k-dimension-gsa-det-cbd-moment-v1,1024,290,1758,1079,1757,1.0019283161291392,-3.7465293815435934,347.1057003502709,350.12941489001685,354.043253492243,True,989
2026-08-15-k-dimension-gsa-det-cbd-moment-v1,1024,291,1757,1079,1756,1.0019283161291392,-3.6464984823866904,347.1048794711359,351.2398471773696,354.9662092999366,True,989
2026-08-15-k-dimension-gsa-det-cbd-moment-v1,1024,292,1756,1079,1755,1.0019283161291392,-3.5484723686176185,347.1040581246629,352.3502668618448,355.9362580326562,True,989
2026-08-15-k-dimension-gsa-det-cbd-moment-v1,1024,293,1755,1080,1754,1.0019269545283391,-3.406088322102879,347.39523631031943,353.46077510572593,356.8882451741877,True,990
2026-08-15-k-dimension-gsa-det-cbd-moment-v1,1024,294,1754,1080,1753,1.0019269545283391,-3.3129923551878058,347.3944140275722,354.57097545257614,357.8939062322822,True,990
2026-08-15-k-dimension-gsa-det-cbd-moment-v1,1024,295,1753,1080,1752,1.0019269545283391,-3.221815926467995,347.39359127588705,355.68138599471473,358.9078109117975,True,990
2026-08-15-k-dimension-gsa-det-cbd-moment-v1,1024,296,1752,1081,1751,1.0019255950580688,-3.0896486661315157,347.6847680547287,356.7952997724853,359.887556024826,True,991
2026-08-15-k-dimension-gsa-det-cbd-moment-v1,1024,297,1751,1081,1750,1.0019255950580688,-3.0031837126062686,347.68394436356107,357.9056622261628,360.91005361097035,True,991
2026-08-15-k-dimension-gsa-det-cbd-moment-v1,1024,298,1750,1081,1749,1.0019255950580688,-2.9185532735226127,347.6831202018472,359.0160115430041,361.9351239946089,True,991
2026-08-15-k-dimension-gsa-det-cbd-moment-v1,1024,299,1749,1082,1748,1.0019242377131339,-2.796126317637367,347.97429556904916,360.1263599581007,362.9228032258737,True,992
2026-08-15-k-dimension-gsa-det-cbd-moment-v1,1024,300,1748,1082,1747,1.0019242377131339,-2.7159898919170318,347.9734704646281,361.2367323139261,363.9528689337753,True,992
2026-08-15-k-dimension-gsa-det-cbd-moment-v1,1024,301,1747,1082,1746,1.0019242377131339,-2.6376033465073814,347.9726448880443,362.347061190159,364.98473246232186,True,992
2026-08-15-k-dimension-gsa-det-cbd-moment-v1,1024,302,1746,1083,1745,1.0019228824883577,-2.524444615180698,348.21319276568704,363.4573944957267,365.9818762821401,True,993
2026-08-15-k-dimension-gsa-det-cbd-moment-v1,1024,303,1745,1083,1744,1.0019228824883577,-2.450336248042601,348.2123662431546,364.5677208713046,367.01807432692,True,993
2026-08-15-k-dimension-gsa-det-cbd-moment-v1,1024,304,1744,1083,1743,1.0019228824883577,-2.377893686779059,348.2115392468345,365.67805730269896,368.0559589552429,True,993
2026-08-15-k-dimension-gsa-det-cbd-moment-v1,1024,305,1743,1084,1742,1.00192152937858,-2.2735363674299767,348.5027117761832,366.7917626629734,369.06530353463745,True,994
2026-08-15-k-dimension-gsa-det-cbd-moment-v1,1024,306,1742,1084,1741,1.00192152937858,-2.2051582000315375,348.5018838306564,367.9020452051599,370.1072054903723,True,994
2026-08-15-k-dimension-gsa-det-cbd-moment-v1,1024,307,1741,1084,1740,1.00192152937858,-2.1383624968564625,348.50105540970867,369.0123321688951,371.1506956310572,True,994
2026-08-15-k-dimension-gsa-det-cbd-moment-v1,1024,308,1740,1085,1739,1.001920178378658,-2.0423459172541354,348.79222651279366,370.1226497992196,372.16499626358694,True,995
2026-08-15-k-dimension-gsa-det-cbd-moment-v1,1024,309,1739,1085,1738,1.001920178378658,-1.9794033028732136,348.79139713936416,371.232856825903,373.2122603820685,True,995
2026-08-15-k-dimension-gsa-det-cbd-moment-v1,1024,310,1738,1085,1737,1.001920178378658,-1.917960718989316,348.79056728887196,372.3430906909686,374.2610515272203,True,995
2026-08-15-k-dimension-gsa-det-cbd-moment-v1,1024,311,1737,1086,1736,1.0019188294834658,-1.8298312225340596,349.08173696076796,373.4534020764661,375.28323336546197,True,996
2026-08-15-k-dimension-gsa-det-cbd-moment-v1,1024,312,1736,1086,1735,1.0019188294834658,-1.7720333325069317,349.08090615450203,374.56364183298825,376.3356751962637,True,996
2026-08-15-k-dimension-gsa-det-cbd-moment-v1,1024,313,1735,1087,1734,1.0019174826878947,-1.689266643093172,349.3720748695232,375.6738593666361,377.36312602716936,True,997
2026-08-15-k-dimension-gsa-det-cbd-moment-v1,1024,314,1734,1087,1733,1.0019174826878947,-1.6349659410706983,349.3712431052794,376.784076339421,378.4190422885657,True,997
2026-08-15-k-dimension-gsa-det-cbd-moment-v1,1024,315,1733,1087,1732,1.0019174826878947,-1.5820263710852243,349.37041086121775,377.89757347276884,379.47959984758353,True,997
2026-08-15-k-dimension-gsa-det-cbd-moment-v1,1024,316,1732,1088,1731,1.0019161379868526,-1.506386211772255,349.66157813678427,379.00777706651786,380.51416328040403,True,998
2026-08-15-k-dimension-gsa-det-cbd-moment-v1,1024,317,1731,1088,1730,1.0019161379868526,-1.456741505701568,349.6607449314242,380.11798919807563,381.5747307047559,True,998
2026-08-15-k-dimension-gsa-det-cbd-moment-v1,1024,318,1730,1088,1729,1.0019161379868526,-1.4083788783122715,349.6599112445816,381.22814310645145,382.6365219852168,True,998
2026-08-15-k-dimension-gsa-det-cbd-moment-v1,1024,319,1729,1089,1728,1.0019147953752645,-1.3394351979238202,349.95107707569986,382.3383208791416,383.6777560773222,True,999
2026-08-15-k-dimension-gsa-det-cbd-moment-v1,1024,320,1728,1089,1727,1.0019147953752645,-1.2941691750066038,349.9502424242211,383.4484669646085,384.74263613973403,True,999
2026-08-15-k-dimension-gsa-det-cbd-moment-v1,1024,321,1727,1089,1726,1.0019147953752645,-1.2501077339700057,349.94940728958653,384.55862723255046,385.8087349665755,True,999
2026-08-15-k-dimension-gsa-det-cbd-moment-v1,1024,322,1726,1090,1725,1.0019134548480715,-1.1874406627507719,350.1881042513424,385.66877308602585,386.8562137488067,True,1000
2026-08-15-k-dimension-gsa-det-cbd-moment-v1,1024,323,1725,1090,1724,1.0019134548480715,-1.1462820440055899,350.1872681487163,386.77889290765273,387.92517495167226,True,1000
2026-08-15-k-dimension-gsa-det-cbd-moment-v1,1024,324,1724,1091,1723,1.0019121164002318,-1.0878445162338213,350.47843156125253,387.8922784929851,388.9801230092268,True,1001
2026-08-15-k-dimension-gsa-det-cbd-moment-v1,1024,325,1723,1091,1722,1.0019121164002318,-1.0494528894220383,350.4775944883884,389.00237076117986,390.0518236506055,True,1001
2026-08-15-k-dimension-gsa-det-cbd-moment-v1,1024,326,1722,1091,1721,1.0019121164002318,-1.0121369986998392,350.4767569295603,390.11246004539606,391.1245970440976,True,1001
2026-08-15-k-dimension-gsa-det-cbd-moment-v1,1024,327,1721,1092,1720,1.0019107800267202,-0.9592812987877822,350.76791888420365,391.2225639463798,392.1818452451686,True,1002
2026-08-15-k-dimension-gsa-det-cbd-moment-v1,1024,328,1720,1092,1719,1.0019107800267202,-0.9245472858032435,350.7670803517529,392.33265969924565,393.2572069850494,True,1002
2026-08-15-k-dimension-gsa-det-cbd-moment-v1,1024,329,1719,1093,1718,1.0019094457225282,-0.875435865685914,351.0582413316415,393.4427198909911,394.31815575667724,True,1003
2026-08-15-k-dimension-gsa-det-cbd-moment-v1,1024,330,1718,1093,1717,1.0019094457225282,-0.8431546068188379,351.0574018233019,394.55279989106094,395.39595449787987,True,1003
2026-08-15-k-dimension-gsa-det-cbd-moment-v1,1024,331,1717,1093,1716,1.0019094457225282,-0.8118262022801322,351.0565618261656,395.66284727335415,396.47467347563435,True,1003
2026-08-15-k-dimension-gsa-det-cbd-moment-v1,1024,332,1716,1094,1715,1.0019081134826633,-0.7676384519999564,351.347721339663,396.7729256394872,397.5405640914872,True,1004
2026-08-15-k-dimension-gsa-det-cbd-moment-v1,1024,333,1715,1094,1714,1.0019081134826633,-0.7385874283202953,351.3468803632236,397.88294109641015,398.6215285247304,True,1004
2026-08-15-k-dimension-gsa-det-cbd-moment-v1,1024,334,1714,1095,1713,1.0019067833021493,-0.6976865628985179,351.6380388962759,398.9961806977758,399.6938672606743,True,1005
2026-08-15-k-dimension-gsa-det-cbd-moment-v1,1024,335,1713,1095,1712,1.0019067833021493,-0.6707912174105558,351.63719693824737,400.1061516592965,400.77694287670704,True,1005
2026-08-15-k-dimension-gsa-det-cbd-moment-v1,1024,336,1712,1095,1711,1.0019067833021493,-0.64473254133872,351.63635448856456,401.21611017029824,401.86084271163696,True,1005
2026-08-15-k-dimension-gsa-det-cbd-moment-v1,1024,337,1711,1096,1710,1.0019054551760271,-0.6081371194003992,351.92751154665285,402.32616833495445,402.93430545435484,True,1006
2026-08-15-k-dimension-gsa-det-cbd-moment-v1,1024,338,1710,1096,1709,1.0019054551760271,-0.5840694428081098,351.9266681119367,403.43623807804903,404.02030752085716,True,1006
2026-08-15-k-dimension-gsa-det-cbd-moment-v1,1024,339,1709,1097,1708,1.0019041290993531,-0.5503335166980455,352.2178241838395,404.5461542372485,405.0964877539466,True,1007
2026-08-15-k-dimension-gsa-det-cbd-moment-v1,1024,340,1708,1097,1707,1.0019041290993531,-0.5281431753339813,352.2169797617839,405.6561481672185,406.18429134255246,True,1007
2026-08-15-k-dimension-gsa-det-cbd-moment-v1,1024,341,1707,1097,1706,1.0019041290993531,-0.5066806594181146,352.1616870611688,406.76609224356,407.27277290297815,True,1007
2026-08-15-k-dimension-gsa-det-cbd-moment-v1,1024,342,1706,1098,1705,1.0019028050672,-0.476674681786233,352.45284164945934,407.8760683551247,408.3527430369109,True,1008
2026-08-15-k-dimension-gsa-det-cbd-moment-v1,1024,343,1705,1098,1704,1.0019028050672,-0.4569363223951992,352.4519957420526,408.9891040339971,409.4460403563923,True,1008
2026-08-15-k-dimension-gsa-det-cbd-moment-v1,1024,344,1704,1099,1703,1.0019014830746569,-0.42939419492830827,352.7431493383669,410.0990199855311,410.5284141804594,True,1009
2026-08-15-k-dimension-gsa-det-cbd-moment-v1,1024,345,1703,1099,1702,1.0019014830746569,-0.41127486746817793,352.74230243781955,411.20897105814134,411.62024592560954,True,1009
2026-08-15-k-dimension-gsa-det-cbd-moment-v1,1024,346,1702,1100,1701,1.0019001631168287,-0.38604138338631755,353.033455039827,412.31886647036686,412.7049078537532,True,1010
2026-08-15-k-dimension-gsa-det-cbd-moment-v1,1024,347,1701,1100,1700,1.0019001631168287,-0.36943965534771306,353.03260714380446,413.4288006231918,413.79824027853954,True,1010
2026-08-15-k-dimension-gsa-det-cbd-moment-v1,1024,348,1700,1100,1699,1.0019001631168287,-0.35342517017268144,353.0317587491661,414.5387292582931,414.89215442846574,True,1010
2026-08-15-k-dimension-gsa-det-cbd-moment-v1,1024,349,1699,1101,1698,1.0018988451888364,-0.3311836538931375,353.32290985532524,415.6486224423874,415.9798060962806,True,1011
2026-08-15-k-dimension-gsa-det-cbd-moment-v1,1024,350,1698,1101,1697,1.0018988451888364,-0.3165509362003515,353.3220604616941,416.758495091277,417.07504602747736,True,1011
2026-08-15-k-dimension-gsa-det-cbd-moment-v1,1024,351,1697,1102,1696,1.0018975292858168,-0.29626952187644345,353.6132105676837,417.8683789019375,418.16464842381396,True,1012
2026-08-15-k-dimension-gsa-det-cbd-moment-v1,1024,352,1696,1102,1695,1.0018975292858168,-0.28292615400685583,353.61236017270426,418.98127134947885,419.2641975034857,True,1012
2026-08-15-k-dimension-gsa-det-cbd-moment-v1,1024,353,1695,1103,1694,1.0018962154029225,-0.26446966568589503,353.90350927616475,420.09113547388074,420.35560513956665,True,1013
2026-08-15-k-dimension-gsa-det-cbd-moment-v1,1024,354,1694,1103,1693,1.0018962154029225,-0.2523270537136001,353.90265787747325,421.200994491058,421.4533215447716,True,1013
2026-08-15-k-dimension-gsa-det-cbd-moment-v1,1024,355,1693,1104,1692,1.0018949035353222,-0.23556626854374255,354.1938059760367,422.31085563477205,422.5464219033158,True,1014
2026-08-15-k-dimension-gsa-det-cbd-moment-v1,1024,356,1692,1104,1691,1.0018949035353222,-0.22453965553292185,354.192953571261,423.4206604414037,423.6452000969366,True,1014
2026-08-15-k-dimension-gsa-det-cbd-moment-v1,1024,357,1691,1104,1690,1.0018949035353222,-0.21394355125829156,354.19210066255107,424.53053725779796,424.74448080905626,True,1014
2026-08-15-k-dimension-gsa-det-cbd-moment-v1,1024,358,1690,1105,1689,1.0018935936781999,-0.19935975990869872,354.4832472493106,425.6403389972048,425.8396987571135,True,1015
2026-08-15-k-dimension-gsa-det-cbd-moment-v1,1024,359,1689,1105,1688,1.0018935936781999,-0.18976720357742755,354.48239333094244,426.7501187583729,426.9398859619503,True,1015
2026-08-15-k-dimension-gsa-det-cbd-moment-v1,1024,360,1688,1106,1687,1.0018922858267556,-0.17659290982301012,354.7169553784819,427.85995289525175,428.03654580507475,True,1016
2026-08-15-k-dimension-gsa-det-cbd-moment-v1,1024,361,1687,1106,1686,1.0018922858267556,-0.16792832200703606,354.71610044806226,428.9697349339821,429.13766325598914,True,1016
2026-08-15-k-dimension-gsa-det-cbd-moment-v1,1024,362,1686,1107,1685,1.0018909799762048,-0.1560543254512384,355.00724501071676,430.0825438516445,430.23859817709575,True,1017
2026-08-15-k-dimension-gsa-det-cbd-moment-v1,1024,363,1685,1107,1684,1.0018909799762048,-0.14824592719167015,355.0063890658439,431.19235225340725,431.34059818059893,True,1017
2026-08-15-k-dimension-gsa-det-cbd-moment-v1,1024,364,1684,1108,1683,1.0018896761217781,-0.13756881155379325,355.2975326128411,432.3021445383404,432.4397133498942,True,1018
2026-08-15-k-dimension-gsa-det-cbd-moment-v1,1024,365,1683,1108,1682,1.0018896761217781,-0.13054858793003749,355.29667565110464,433.41193931224234,433.5424879001724,True,1018
2026-08-15-k-dimension-gsa-det-cbd-moment-v1,1024,366,1682,1109,1681,1.0018883742587223,-0.12097063817947235,355.58781818002984,434.5217229820353,434.6426936202148,True,1019
2026-08-15-k-dimension-gsa-det-cbd-moment-v1,1024,367,1681,1109,1680,1.0018883742587223,-0.11467429103331708,355.58696019901083,435.631495435152,435.7461697261853,True,1019
2026-08-15-k-dimension-gsa-det-cbd-moment-v1,1024,368,1680,1110,1679,1.001887074382299,-0.10610339544516548,355.8781017074408,436.7412472761846,436.8473506716298,True,1020
2026-08-15-k-dimension-gsa-det-cbd-moment-v1,1024,369,1679,1110,1678,1.001887074382299,-0.10047028559177645,355.87724270471176,437.8510527741317,437.95152305972346,True,1020
2026-08-15-k-dimension-gsa-det-cbd-moment-v1,1024,370,1678,1111,1677,1.0018857764877853,-0.0928198233633432,356.1683831902145,438.9607443315995,439.0535641549629,True,1021
2026-08-15-k-dimension-gsa-det-cbd-moment-v1,1024,371,1677,1111,1676,1.0018857764877853,-0.08779290269908073,356.167523163339,440.07349068293047,440.1612835856296,True,1021
2026-08-15-k-dimension-gsa-det-cbd-moment-v1,1024,372,1676,1112,1675,1.0018844805704739,-0.08098161785623742,356.4586626234741,441.1831830129284,441.26416463078465,True,1022
2026-08-15-k-dimension-gsa-det-cbd-moment-v1,1024,373,1675,1112,1674,1.0018844805704739,-0.07650735184960726,356.4578015700072,442.2928729327715,442.3693802846211,True,1022
2026-08-15-k-dimension-gsa-det-cbd-moment-v1,1024,374,1674,1113,1673,1.001883186625672,-0.07045921428742855,356.748940002325,443.402640795389,443.47310000967644,True,1023
2026-08-15-k-dimension-gsa-det-cbd-moment-v1,1024,375,1673,1113,1672,1.001883186625672,-0.06648749541157442,356.74807791981306,444.5123327042389,444.57882019965047,True,1023
2026-08-15-k-dimension-gsa-det-cbd-moment-v1,1024,376,1672,1114,1671,1.0018818946487027,-0.061131550001718986,357.0392153218555,445.6220637627217,445.68319531272346,True,1024
2026-08-15-k-dimension-gsa-det-cbd-moment-v1,1024,377,1671,1114,1670,1.0018818946487027,-0.05761560273453103,357.0383522078358,446.73175066499084,446.78936626772537,True,1024
2026-08-15-k-dimension-gsa-det-cbd-moment-v1,1024,378,1670,1115,1669,1.0018806046349038,-0.05288580752076401,357.3294885771361,447.8414432858256,447.89432909334636,True,1025
2026-08-15-k-dimension-gsa-det-cbd-moment-v1,1024,379,1669,1115,1668,1.0018806046349038,-0.04978208560064947,357.26973074008373,448.95113579002793,449.0009178756286,True,1025
2026-08-15-k-dimension-gsa-det-cbd-moment-v1,1024,380,1668,1116,1667,1.0018793165796278,-0.04561714017804179,357.56086607416574,450.0608220942264,450.10643923440443,True,1026
2026-08-15-k-dimension-gsa-det-cbd-moment-v1,1024,381,1667,1116,1666,1.0018793165796278,-0.0428852168588828,357.5600008897075,451.173324364781,451.21620958163993,True,1026
2026-08-15-k-dimension-gsa-det-cbd-moment-v1,1024,382,1666,1117,1665,1.001878030478243,-0.03922838210644559,357.85113518608665,452.28297142618436,452.3221998082908,True,1027
2026-08-15-k-dimension-gsa-det-cbd-moment-v1,1024,383,1665,1117,1664,1.001878030478243,-0.03683083420280712,357.85026896267976,453.3926119094852,453.429442743688,True,1027
2026-08-15-k-dimension-gsa-det-cbd-moment-v1,1024,384,1664,1118,1663,1.001876746326132,-0.03362974458085549,358.1414022188622,454.5022801279827,454.5359098725636,True,1028
2026-08-15-k-dimension-gsa-det-cbd-moment-v1,1024,385,1663,1118,1662,1.001876746326132,-0.03153203113450813,358.1405349540084,455.61190936961907,455.6434414007536,True,1028
2026-08-15-k-dimension-gsa-det-cbd-moment-v1,1024,386,1662,1119,1661,1.0018754641186924,-0.028738500814281406,358.43166716749147,456.7215228688001,456.75026136961435,True,1029
2026-08-15-k-dimension-gsa-det-cbd-moment-v1,1024,387,1661,1119,1660,1.0018754641186924,-0.026908837243318304,358.4307988586835,457.831157182391,457.8580660196343,True,1029
2026-08-15-k-dimension-gsa-det-cbd-moment-v1,1024,388,1660,1120,1659,1.0018741838513363,-0.024478661351150413,358.72193002695536,458.94076611229195,458.9652447736431,True,1030
2026-08-15-k-dimension-gsa-det-cbd-moment-v1,1024,389,1659,1120,1658,1.0018741838513363,-0.022887889964530193,358.721060671677,460.05040230536514,460.07329019532966,True,1030
2026-08-15-k-dimension-gsa-det-cbd-moment-v1,1024,390,1658,1121,1657,1.001872905519491,-0.020780642247539866,359.01219079221687,461.1627732055165,461.183553847764,True,1031
2026-08-15-k-dimension-gsa-det-cbd-moment-v1,1024,391,1657,1122,1656,1.001871629118598,-0.018846123838720745,359.30332038794256,462.2723533641062,462.29119948794494,True,1032
2026-08-15-k-dimension-gsa-det-cbd-moment-v1,1024,392,1656,1122,1655,1.001871629118598,-0.01758092822994213,359.30244945822045,463.3819277956221,463.3995087238521,True,1032
2026-08-15-k-dimension-gsa-det-cbd-moment-v1,1024,393,1655,1123,1654,1.001870354644114,-0.015912296118380576,359.5935780024157,464.49154342376096,464.5074557198793,True,1033
2026-08-15-k-dimension-gsa-det-cbd-moment-v1,1024,394,1654,1123,1653,1.001870354644114,-0.014821733018509786,359.59270601989243,465.60109881664164,465.61592054966013,True,1033
2026-08-15-k-dimension-gsa-det-cbd-moment-v1,1024,395,1653,1124,1652,1.0018690820915093,-0.013387409084442591,359.8838335100134,466.71067989077505,466.7240672998595,True,1034
2026-08-15-k-dimension-gsa-det-cbd-moment-v1,1024,396,1652,1124,1651,1.0018690820915093,-0.012450658956661283,359.88296047214055,467.82018314180345,467.8326338007601,True,1034
2026-08-15-k-dimension-gsa-det-cbd-moment-v1,1024,397,1651,1125,1650,1.0018678114562696,-0.011222105143896627,360.1740869056344,468.9297735994406,468.94099570458445,True,1035
2026-08-15-k-dimension-gsa-det-cbd-moment-v1,1024,398,1650,1125,1649,1.0018678114562696,-0.010420358031814644,360.11181226519017,470.03931085244494,470.04973121047675,True,1035
2026-08-15-k-dimension-gsa-det-cbd-moment-v1,1024,399,1649,1126,1648,1.0018665427338946,-0.00937187415858943,360.40293763949444,471.1488620108533,471.1582338850119,True,1036
2026-08-15-k-dimension-gsa-det-cbd-moment-v1,1024,400,1648,1127,1647,1.0018652759198987,-0.00841827986395821,360.6940624832402,472.2612112568302,472.2696295366942,True,1037
2026-08-15-k-dimension-gsa-det-cbd-moment-v1,1024,401,1647,1127,1646,1.0018652759198987,-0.007796721140629401,360.69318679578333,473.37046775633036,473.37826447747096,True,1037
2026-08-15-k-dimension-gsa-det-cbd-moment-v1,1024,402,1646,1128,1645,1.0018640110098098,-0.0069876978623339345,360.9843105764786,474.4801043780875,474.4870920759498,True,1038
2026-08-15-k-dimension-gsa-det-cbd-moment-v1,1024,403,1645,1128,1644,1.0018640110098098,-0.006460840274655234,360.9834338246796,475.5896295179862,475.5960903582609,True,1038
2026-08-15-k-dimension-gsa-det-cbd-moment-v1,1024,404,1644,1129,1643,1.0018627479991709,-0.005777129599533492,361.2745565397387,476.6991220205594,476.70489915015895,True,1039
2026-08-15-k-dimension-gsa-det-cbd-moment-v1,1024,405,1643,1129,1642,1.0018627479991709,-0.005332296951059789,361.27367872100706,477.8086133906854,477.8139456876365,True,1039
2026-08-15-k-dimension-gsa-det-cbd-moment-v1,1024,406,1642,1130,1641,1.001861486883539,-0.004756785335238932,361.5648003678348,478.91809584855014,478.9228526338854,True,1040
2026-08-15-k-dimension-gsa-det-cbd-moment-v1,1024,407,1641,1131,1640,1.0018602276584845,-0.004237567756874046,361.85592147957067,480.0275724067973,480.03180997455416,True,1041
2026-08-15-k-dimension-gsa-det-cbd-moment-v1,1024,408,1640,1131,1639,1.0018602276584845,-0.0039002591802384527,361.85504205556236,481.1370419375246,481.1409421967048,True,1041
2026-08-15-k-dimension-gsa-det-cbd-moment-v1,1024,409,1639,1132,1638,1.0018589703195933,-0.003466031319517278,362.14616209515646,482.24915617931504,482.25262221063457,True,1042
2026-08-15-k-dimension-gsa-det-cbd-moment-v1,1024,410,1638,1132,1637,1.0018589703195933,-0.0031842388958854815,362.145281597698,483.3586314772315,483.36181571612735,True,1042
2026-08-15-k-dimension-gsa-det-cbd-moment-v1,1024,411,1637,1133,1636,1.0018577148624639,-0.0028226299714007546,362.4364005625311,484.46807907413915,484.47090170411053,True,1043
2026-08-15-k-dimension-gsa-det-cbd-moment-v1,1024,412,1636,1134,1635,1.0018564612827094,-0.0024984334403553355,362.7275189889987,485.5775246511196,485.5800230845599,True,1044
2026-08-15-k-dimension-gsa-det-cbd-moment-v1,1024,413,1635,1134,1634,1.0018564612827094,-0.002288404792755828,362.7266368764424,486.6869559537167,486.6892443585094,True,1044
2026-08-15-k-dimension-gsa-det-cbd-moment-v1,1024,414,1634,1135,1633,1.0018552095759572,-0.0020202863849260485,363.01775422420263,487.79636848097283,487.7983887673578,True,1045
2026-08-15-k-dimension-gsa-det-cbd-moment-v1,1024,415,1633,1136,1632,1.0018539597378477,-0.0017808768485396756,363.30887103161865,488.9058088974763,488.90758977432483,True,1046
2026-08-15-k-dimension-gsa-det-cbd-moment-v1,1024,416,1632,1136,1631,1.0018539597378477,-0.0016260634104388906,363.3079872980285,490.0152324976268,490.0168585610372,True,1046
2026-08-15-k-dimension-gsa-det-cbd-moment-v1,1024,417,1631,1137,1630,1.001852711764036,-0.0014294857004876762,363.53497268534915,491.1246209728134,491.1260504585139,True,1047
2026-08-15-k-dimension-gsa-det-cbd-moment-v1,1024,418,1630,1137,1629,1.001852711764036,-0.001302535955495098,363.53408786775566,492.2366271590187,492.23792969497424,True,1047
2026-08-15-k-dimension-gsa-det-cbd-moment-v1,1024,419,1629,1138,1628,1.0018514656501898,-0.001141888532523487,363.82520250716277,493.3460680382469,493.34720992677944,True,1048
2026-08-15-k-dimension-gsa-det-cbd-moment-v1,1024,420,1628,1139,1627,1.0018502213919915,-0.0009994379063643574,364.1163166029035,494.45549747980067,494.45649691770706,True,1049
2026-08-15-k-dimension-gsa-det-cbd-moment-v1,1024,421,1627,1139,1626,1.0018502213919915,-0.0009076358469097373,364.11543015430976,495.5648637147198,495.5657713505667,True,1049
2026-08-15-k-dimension-gsa-det-cbd-moment-v1,1024,422,1626,1140,1625,1.001848978985137,-0.0007921133628370305,364.4065431607123,496.6742811927587,496.67507330612153,True,1050
2026-08-15-k-dimension-gsa-det-cbd-moment-v1,1024,423,1625,1141,1624,1.0018477384253353,-0.0006901343525739886,364.69765562144045,497.7836767956118,497.7843669299644,True,1051
2026-08-15-k-dimension-gsa-det-cbd-moment-v1,1024,424,1624,1141,1623,1.0018477384253353,-0.0006245620419396194,364.6967675358224,498.8930834364282,498.8937079984701,True,1051
2026-08-15-k-dimension-gsa-det-cbd-moment-v1,1024,425,1623,1142,1622,1.0018464997083092,-0.000542519514030348,364.9878789031852,500.00246900372144,500.0030115232355,True,1052
2026-08-15-k-dimension-gsa-det-cbd-moment-v1,1024,426,1622,1143,1621,1.001845262829795,-0.00047043223472102843,365.27898972285453,501.1117565557087,501.1122269879435,True,1053
2026-08-15-k-dimension-gsa-det-cbd-moment-v1,1024,427,1621,1142,1620,1.0018464997083092,-0.00044185259803194803,364.9860999941548,502.22119582124213,502.2216376738402,True,1053
2026-08-15-k-dimension-gsa-det-cbd-moment-v1,1024,428,1620,1144,1619,1.001844027785542,-0.0003666786176304349,365.56920971640926,503.33314670036606,503.3335133789837,True,1054
2026-08-15-k-dimension-gsa-det-cbd-moment-v1,1024,429,1619,1143,1617,1.001845262829795,-0.0003438584321538303,365.27631888893984,504.4424401776962,504.44278403612833,True,1055
2026-08-15-k-dimension-gsa-det-cbd-moment-v1,1024,430,1618,1145,1617,1.001842794571314,-0.0002842134279990066,365.8594275110672,505.55185222389036,505.5521364373184,True,1055
2026-08-15-k-dimension-gsa-det-cbd-moment-v1,1024,431,1617,1143,1615,1.001845262829795,-0.0002775717395912818,365.2745355821109,506.6610252884563,506.6613028601959,True,1056
2026-08-15-k-dimension-gsa-det-cbd-moment-v1,1024,432,1616,1147,1615,1.00184033361605,-0.0002098304969718175,366.44164310138905,507.7705339977332,507.7707438282302,True,1057
2026-08-15-k-dimension-gsa-det-cbd-moment-v1,1024,433,1615,1146,1614,1.0018415631828868,-0.00019605843970733476,366.1487500682186,508.8798482090551,508.88004426749484,True,1057
2026-08-15-k-dimension-gsa-det-cbd-moment-v1,1024,434,1614,1143,1611,1.001845262829795,-0.00019970763710440962,365.27185648191505,509.9890490132394,509.9892487208765,True,1058
2026-08-15-k-dimension-gsa-det-cbd-moment-v1,1024,435,1613,1146,1611,1.0018415631828868,-0.00015656617023850801,366.1469623417929,511.0985000368515,511.0986566030217,True,1059
2026-08-15-k-dimension-gsa-det-cbd-moment-v1,1024,436,1612,1147,1610,1.00184033361605,-0.00013361001994855566,366.4380676471652,512.2078188129733,512.2079524229932,True,1059
2026-08-15-k-dimension-gsa-det-cbd-moment-v1,1024,437,1611,1143,1606,1.001845262829795,-0.00014226834761759375,365.2691723973438,513.3195456234478,513.3196878917954,True,1060
2026-08-15-k-dimension-gsa-det-cbd-moment-v1,1024,438,1610,1151,1609,1.0018354334808608,-8.829690192086834e-05,367.5371623957807,514.4288810309736,514.4289693278755,True,1061
2026-08-15-k-dimension-gsa-det-cbd-moment-v1,1024,439,1609,1127,1595,1.0018652759198987,-0.0002290572603285807,360.5953802293607,515.5380504090284,515.5382794662887,True,1061
2026-08-15-k-dimension-gsa-det-cbd-moment-v1,1024,440,1608,1143,1602,1.001845262829795,-0.00010030800097664523,365.2664833098162,516.6474577755143,516.6475580835153,True,1062
2026-08-15-k-dimension-gsa-det-cbd-moment-v1,1024,441,1607,1151,1605,1.0018354334808608,-6.146432857359426e-05,367.5344716364538,517.756777102705,517.7568385670336,True,1063
2026-08-15-k-dimension-gsa-det-cbd-moment-v1,1024,442,1606,1143,1600,1.001845262829795,-7.899164989121883e-05,365.2646877961546,518.8659124835186,518.8659914751685,True,1063
2026-08-15-k-dimension-gsa-det-cbd-moment-v1,1024,443,1605,1153,1604,1.001832994234304,-4.3611348207590996e-05,368.11667500478836,519.9753325763621,519.9753761877104,True,1064
2026-08-15-k-dimension-gsa-det-cbd-moment-v1,1024,444,1604,1155,1603,1.001830562157698,-3.48843458494731e-05,368.6997758492337,521.084575398172,521.0846102825178,True,1065
2026-08-15-k-dimension-gsa-det-cbd-moment-v1,1024,445,1603,1143,1595,1.001845262829795,-5.47018746978514e-05,365.19487613293325,522.1937436728263,522.1937983747009,True,1066
2026-08-15-k-dimension-gsa-det-cbd-moment-v1,1024,446,1602,1151,1598,1.0018354334808608,-3.278183906046016e-05,367.52997585518744,523.3030363587421,523.3030691405812,True,1066
2026-08-15-k-dimension-gsa-det-cbd-moment-v1,1024,447,1601,1127,1584,1.0018652759198987,-9.077715607685946e-05,360.5881892111535,524.4146573902053,524.4147481673614,True,1067
2026-08-15-k-dimension-gsa-det-cbd-moment-v1,1024,448,1600,1143,1591,1.001845262829795,-3.745295557073083e-05,365.19217361255346,525.5239973064449,525.5240347594005,True,1068
2026-08-15-k-dimension-gsa-det-cbd-moment-v1,1024,449,1599,1158,1598,1.0018269274147547,-1.5536418251713576e-05,369.57127164625905,526.6332655738743,526.6332811102925,True,1069
2026-08-15-k-dimension-gsa-det-cbd-moment-v1,1024,450,1598,1159,1597,1.0018257193833464,-1.2871761520150466e-05,369.8623691157067,527.7423401020621,527.7423529738237,True,1069
2026-08-15-k-dimension-gsa-det-cbd-moment-v1,1024,451,1597,1135,1583,1.0018552095759572,-3.7657677813404635e-05,362.92058021604845,528.8516608995569,528.8516985572347,True,1070
2026-08-15-k-dimension-gsa-det-cbd-moment-v1,1024,452,1596,1161,1595,1.0018233086206132,-8.77087622391801e-06,370.4445623590011,529.9609000338224,529.9609088046986,True,1071
2026-08-15-k-dimension-gsa-det-cbd-moment-v1,1024,453,1595,1159,1593,1.0018257193833464,-8.45892594424743e-06,369.859658131431,531.0700314667087,531.0700399256345,True,1072
2026-08-15-k-dimension-gsa-det-cbd-moment-v1,1024,454,1594,1162,1593,1.0018221058812404,-6.244365397880111e-06,370.7347533367692,532.179284873124,532.1792911174894,True,1072
2026-08-15-k-dimension-gsa-det-cbd-moment-v1,1024,455,1593,1159,1590,1.0018257193833464,-6.347596857796373e-06,369.85784797430404,533.2883384221269,533.2883447697237,True,1073
2026-08-15-k-dimension-gsa-det-cbd-moment-v1,1024,456,1592,1164,1591,1.001819705666456,-4.174803275840741e-06,371.246552715431,534.4001040877966,534.4001082625999,True,1074
2026-08-15-k-dimension-gsa-det-cbd-moment-v1,1024,457,1591,1165,1590,1.0018185081830706,-3.4002066059030195e-06,371.5376462152184,535.5092694391046,535.5092728393113,True,1075
2026-08-15-k-dimension-gsa-det-cbd-moment-v1,1024,458,1590,1159,1586,1.0018257193833464,-4.079850919446119e-06,369.85512847295047,536.6183761533656,536.6183802332165,True,1075
2026-08-15-k-dimension-gsa-det-cbd-moment-v1,1024,459,1589,1166,1588,1.0018173124437284,-2.3680766968998467e-06,371.82783150423586,537.7275947353546,537.7275971034313,True,1076
2026-08-15-k-dimension-gsa-det-cbd-moment-v1,1024,460,1588,1159,1583,1.0018257193833464,-3.0151698466802636e-06,369.7829232920303,538.8366225252421,538.8366255404119,True,1077
2026-08-15-k-dimension-gsa-det-cbd-moment-v1,1024,461,1587,1167,1586,1.001816118444473,-1.635208292177087e-06,372.1180145077225,539.945829133881,539.9458307690893,True,1078
2026-08-15-k-dimension-gsa-det-cbd-moment-v1,1024,462,1586,1166,1584,1.0018173124437284,-1.4782014673128258e-06,371.8251051505913,541.0550420892074,541.0550435674089,True,1079
2026-08-15-k-dimension-gsa-det-cbd-moment-v1,1024,463,1585,1159,1579,1.0018257193833464,-1.8927673457858544e-06,369.7801952199141,542.1641461749543,542.1641480677217,True,1079
2026-08-15-k-dimension-gsa-det-cbd-moment-v1,1024,464,1584,1169,1583,1.00181373565046,-8.95789361340419e-07,372.6992847149669,543.2733147972427,543.2733156930321,True,1080
2026-08-15-k-dimension-gsa-det-cbd-moment-v1,1024,465,1583,1159,1576,1.0018257193833464,-1.3763181303017692e-06,369.77837363502454,544.3847332221309,544.384734598449,True,1081
2026-08-15-k-dimension-gsa-det-cbd-moment-v1,1024,466,1582,1167,1579,1.001816118444473,-7.251694438066804e-07,372.11346197936007,545.49391061098,545.4939113361495,True,1082
2026-08-15-k-dimension-gsa-det-cbd-moment-v1,1024,467,1581,1171,1579,1.0018113597696265,-4.798543648778618e-07,373.2805497472457,546.603022762466,546.6030232423204,True,1083
2026-08-15-k-dimension-gsa-det-cbd-moment-v1,1024,468,1580,1172,1579,1.001810174411891,-3.7973066224680453e-07,373.5716369379518,547.7121565574105,547.7121569371411,True,1083
2026-08-15-k-dimension-gsa-det-cbd-moment-v1,1024,469,1579,1173,1578,1.001808990770761,-2.9958204411578463e-07,373.86272355074755,548.821258166164,548.821258465746,True,1084
2026-08-15-k-dimension-gsa-det-cbd-moment-v1,1024,470,1578,1175,1577,1.0018066286228426,-2.2105665068148358e-07,374.44580958490076,549.9302875239827,549.9302877450393,True,1085
2026-08-15-k-dimension-gsa-det-cbd-moment-v1,1024,471,1577,1172,1574,1.001810174411891,-2.2394718557477615e-07,373.56889503967784,551.0394295998427,551.0394298237899,True,1086
2026-08-15-k-dimension-gsa-det-cbd-moment-v1,1024,472,1576,1175,1574,1.0018066286228426,-1.5405343172353455e-07,374.4439799143437,552.1484027953912,552.1484029494446,True,1087
2026-08-15-k-dimension-gsa-det-cbd-moment-v1,1024,473,1575,1167,1569,1.001816118444473,-2.1561313060408225e-07,372.10706420816194,553.2575621263995,553.2575623420126,True,1087
2026-08-15-k-dimension-gsa-det-cbd-moment-v1,1024,474,1574,1175,1572,1.0018066286228426,-1.0652242459909478e-07,374.4421479203948,554.3665636951393,554.3665638016618,True,1088
2026-08-15-k-dimension-gsa-det-cbd-moment-v1,1024,475,1573,1159,1562,1.0018257193833464,-2.51865055703016e-07,369.769231050303,555.4780992576362,555.4780995095012,True,1089
2026-08-15-k-dimension-gsa-det-cbd-moment-v1,1024,476,1572,1165,1564,1.0018185081830706,-1.421916225374723e-07,371.52031359714596,556.5872062143173,556.587206356509,True,1090
2026-08-15-k-dimension-gsa-det-cbd-moment-v1,1024,477,1571,1159,1559,1.0018257193833464,-1.7538192515294767e-07,369.7673955601815,557.6961565909593,557.6961567663412,True,1091
2026-08-15-k-dimension-gsa-det-cbd-moment-v1,1024,478,1570,1155,1556,1.001830562157698,-1.8974988945863862e-07,368.5984769386663,558.8053347928285,558.8053349825784,True,1092
2026-08-15-k-dimension-gsa-det-cbd-moment-v1,1024,479,1569,1175,1564,1.0018066286228426,-4.088488338839567e-08,374.3635571504116,559.9143980665674,559.9143981074523,True,1093
2026-08-15-k-dimension-gsa-det-cbd-moment-v1,1024,480,1568,1143,1547,1.001845262829795,-2.8813304188914583e-07,365.09263793900254,561.0234179813895,561.0234182695225,True,1093
2026-08-15-k-dimension-gsa-det-cbd-moment-v1,1024,481,1567,1175,1562,1.0018066286228426,-2.746712643595079e-08,374.3617169779161,562.1324822374877,562.1324822649548,True,1094
2026-08-15-k-dimension-gsa-det-cbd-moment-v1,1024,482,1566,1143,1544,1.001845262829795,-2.0048668923747053e-07,365.0907965921784,563.2414256675203,563.241425868007,True,1095
2026-08-15-k-dimension-gsa-det-cbd-moment-v1,1024,483,1565,1151,1546,1.0018354334808608,-9.752867202962522e-08,367.4258750367073,564.3505821407035,564.3505822382322,True,1096
2026-08-15-k-dimension-gsa-det-cbd-moment-v1,1024,484,1564,1159,1549,1.0018257193833464,-4.63805382365101e-08,369.76095289219467,565.4619083991641,565.4619084455447,True,1097
2026-08-15-k-dimension-gsa-det-cbd-moment-v1,1024,485,1563,1127,1531,1.0018652759198987,-3.3099752040656786e-07,360.4864194857784,566.5709217772229,566.5709221082204,True,1098
2026-08-15-k-dimension-gsa-det-cbd-moment-v1,1024,486,1562,1159,1546,1.0018257193833464,-3.11218274851511e-08,369.7591068330293,567.6799362130309,567.6799362441527,True,1099
2026-08-15-k-dimension-gsa-det-cbd-moment-v1,1024,487,1561,1143,1537,1.001845262829795,-7.81614975435126e-08,365.0861829168652,568.7889676893836,568.7889677675452,True,1100
2026-08-15-k-dimension-gsa-det-cbd-moment-v1,1024,488,1560,1135,1531,1.0018552095759572,-1.1155791654010209e-07,362.8196477365283,569.8980272005365,569.8980273120944,True,1101
2026-08-15-k-dimension-gsa-det-cbd-moment-v1,1024,489,1559,1143,1534,1.001845262829795,-5.284304502936195e-08,365.0843333075851,571.0069664208983,571.0069664737413,True,1101
2026-08-15-k-dimension-gsa-det-cbd-moment-v1,1024,490,1558,1127,1524,1.0018652759198987,-1.314415010326102e-07,360.4817969408404,572.1159833475539,572.1159834789954,True,1102
2026-08-15-k-dimension-gsa-det-cbd-moment-v1,1024,491,1557,1124,1521,1.0018690820915093,-1.3333016939464326e-07,359.60487065185777,573.2250429725563,573.2250431058865,True,1103
2026-08-15-k-dimension-gsa-det-cbd-moment-v1,1024,492,1556,1127,1521,1.0018652759198987,-8.95406079885309e-08,360.47994376776495,574.333953169783,574.3339532593236,True,1104
2026-08-15-k-dimension-gsa-det-cbd-moment-v1,1024,493,1555,1112,1512,1.0018844805704739,-2.0618888891278627e-07,356.0990162877967,575.443022829598,575.443023035787,True,1105
2026-08-15-k-dimension-gsa-det-cbd-moment-v1,1024,494,1554,1113,1511,1.001883186625672,-1.596604995532869e-07,356.3900882111864,576.5542893194623,576.5542894791229,True,1106
2026-08-15-k-dimension-gsa-det-cbd-moment-v1,1024,495,1553,1111,1509,1.0018857764877853,-1.5137577752879531e-07,355.805159537166,577.6631646738722,577.6631648252479,True,1107
2026-08-15-k-dimension-gsa-det-cbd-moment-v1,1024,496,1552,1110,1507,1.001887074382299,-1.3394671464196526e-07,355.51223026496586,578.7722204015914,578.7722205355382,True,1108
2026-08-15-k-dimension-gsa-det-cbd-moment-v1,1024,497,1551,1111,1506,1.0018857764877853,-1.030327160310837e-07,355.8033003938148,579.8812010671897,579.8812011702224,True,1109
2026-08-15-k-dimension-gsa-det-cbd-moment-v1,1024,498,1550,1096,1497,1.0019054551760271,-2.386034831841989e-07,351.4894841187988,580.9901446162373,580.9901448548408,True,1110
2026-08-15-k-dimension-gsa-det-cbd-moment-v1,1024,499,1549,1101,1498,1.0018988451888364,-1.4016793617357002e-07,352.88143885156825,582.099110566723,582.0991107068909,True,1111
2026-08-15-k-dimension-gsa-det-cbd-moment-v1,1024,500,1548,1096,1494,1.0019054551760271,-1.6346397432621512e-07,351.48762137478167,583.2080329917101,583.208033155174,True,1112
2026-08-15-k-dimension-gsa-det-cbd-moment-v1,1024,501,1547,1097,1493,1.0019041290993531,-1.257820647435264e-07,351.77868910008624,584.3170418128763,584.3170419386583,True,1113
2026-08-15-k-dimension-gsa-det-cbd-moment-v1,1024,502,1546,1111,1499,1.0018857764877853,-3.789112242648458e-08,355.7986420267036,585.4259732080518,585.4259732459429,True,1114
2026-08-15-k-dimension-gsa-det-cbd-moment-v1,1024,503,1545,1080,1481,1.0019269545283391,-2.7737859351180477e-07,346.812822741429,586.5371094680735,586.5371097454521,True,1115
2026-08-15-k-dimension-gsa-det-cbd-moment-v1,1024,504,1544,1085,1482,1.001920178378658,-1.6257802187652291e-07,348.27188865590534,587.6460486020532,587.6460487646311,True,1116
2026-08-15-k-dimension-gsa-det-cbd-moment-v1,1024,505,1543,1080,1478,1.0019269545283391,-1.899123588040844e-07,346.81095396520794,588.7549440063059,588.7549441962183,True,1117
2026-08-15-k-dimension-gsa-det-cbd-moment-v1,1024,506,1542,1088,1481,1.0019161379868526,-8.891035801206042e-08,349.1460186685523,589.8639369950785,589.8639370839888,True,1118
2026-08-15-k-dimension-gsa-det-cbd-moment-v1,1024,507,1541,1078,1474,1.001929679865681,-1.4843034057131854e-07,346.225082765152,590.9728358898936,590.972836038324,True,1119
2026-08-15-k-dimension-gsa-det-cbd-moment-v1,1024,508,1540,1064,1466,1.0019489993904,-3.239508819398427e-07,342.20027659163924,592.0817039441005,592.0817042680513,True,1120
2026-08-15-k-dimension-gsa-det-cbd-moment-v1,1024,509,1539,1072,1468,1.0019379074295478,-1.5343253017673066e-07,344.4712091349655,593.1906616712847,593.1906618247173,True,1121
2026-08-15-k-dimension-gsa-det-cbd-moment-v1,1024,510,1538,1064,1463,1.0019489993904,-2.2167814177887246e-07,342.1984017440188,594.2994931594768,594.299493381155,True,1122
2026-08-15-k-dimension-gsa-det-cbd-moment-v1,1024,511,1537,1072,1465,1.0019379074295478,-1.034113919655095e-07,344.46933306832807,595.4084396439016,595.408439747313,True,1123
2026-08-15-k-dimension-gsa-det-cbd-moment-v1,1024,512,1536,1080,1468,1.0019269545283391,-4.702421185795277e-08,346.8043941193584,596.5577530893725,596.5577531363966,True,1124
2026-08-15-k-dimension-gsa-det-cbd-moment-v1,1024,513,1535,1064,1458,1.0019489993904,-1.23428425758391e-07,342.19558489631453,597.6687953771227,597.6687955005511,True,1125
2026-08-15-k-dimension-gsa-det-cbd-moment-v1,1024,514,1534,1056,1453,1.0019602331841135,-1.7944903652913694e-07,339.8586447235599,598.7777226971809,598.7777228766299,True,1126
2026-08-15-k-dimension-gsa-det-cbd-moment-v1,1024,515,1533,1064,1456,1.0019489993904,-8.258495354141075e-08,342.12957360029606,599.8865393737535,599.8865394563385,True,1127
2026-08-15-k-dimension-gsa-det-cbd-moment-v1,1024,516,1532,1049,1446,1.0019701813387012,-1.9966072740899607e-07,337.81276253798194,600.9954843266544,600.9954845263151,True,1128
2026-08-15-k-dimension-gsa-det-cbd-moment-v1,1024,517,1531,1064,1453,1.0019489993904,-5.4742201246065555e-08,342.12769018613704,602.1043350452235,602.1043350999656,True,1129
2026-08-15-k-dimension-gsa-det-cbd-moment-v1,1024,518,1530,1048,1443,1.0019716116597392,-1.4464656320697384e-07,337.51887789363695,603.2131342073428,603.2131343519894,True,1130
2026-08-15-k-dimension-gsa-det-cbd-moment-v1,1024,519,1529,1047,1441,1.0019730442870705,-1.2736590610180286e-07,337.2259346474178,604.3220798516307,604.3220799789966,True,1131
2026-08-15-k-dimension-gsa-det-cbd-moment-v1,1024,520,1528,1048,1440,1.0019716116597392,-9.671809573904863e-08,337.5169907840927,605.4309255849939,605.430925681712,True,1132
2026-08-15-k-dimension-gsa-det-cbd-moment-v1,1024,521,1527,1033,1431,1.0019933465183521,-2.3520853327963167e-07,333.19744684751794,606.5397782304324,606.5397784656409,True,1133
2026-08-15-k-dimension-gsa-det-cbd-moment-v1,1024,522,1526,1223,1525,1.0017519149230962,-3.844111804577902e-15,388.1790020880848,607.6507216766081,607.6507216766081,True,1134
2026-08-15-k-dimension-gsa-det-cbd-moment-v1,1024,523,1525,1033,1428,1.0019933465183521,-1.584291014679721e-07,333.1955560280587,608.7595396345293,608.7595397929584,True,1135
2026-08-15-k-dimension-gsa-det-cbd-moment-v1,1024,524,1524,1223,1522,1.0017519149230962,-1.7618845770982049e-15,388.17711002874364,609.868446374126,609.868446374126,True,1136
2026-08-15-k-dimension-gsa-det-cbd-moment-v1,1024,525,1523,1028,1422,1.0020007102447084,-1.528918773278771e-07,331.7336627272084,610.9773311343369,610.9773312872287,True,1138
2026-08-15-k-dimension-gsa-det-cbd-moment-v1,1024,526,1522,1017,1415,1.0020171250638394,-2.7852406412434423e-07,328.52071514422465,612.0861073887662,612.0861076672903,True,1139
2026-08-15-k-dimension-gsa-det-cbd-moment-v1,1024,527,1521,1207,1509,1.0017697413918987,-3.844111804577902e-15,383.5022672789748,613.1948436938253,613.1948436938253,True,1140
2026-08-15-k-dimension-gsa-det-cbd-moment-v1,1024,528,1520,1017,1412,1.0020171250638394,-1.8752404659296572e-07,328.51881810905206,614.3036608417262,614.3036610292503,True,1141
2026-08-15-k-dimension-gsa-det-cbd-moment-v1,1024,529,1519,1207,1506,1.0017697413918987,-1.7618845770982049e-15,383.50036899575235,615.4125243593327,615.4125243593327,True,1142
2026-08-15-k-dimension-gsa-det-cbd-moment-v1,1024,530,1518,1033,1418,1.0019933465183521,-3.6835263280289005e-08,333.12751803147245,616.5213952494003,616.5213952862355,True,1143
2026-08-15-k-dimension-gsa-det-cbd-moment-v1,1024,531,1517,986,1392,1.0020650388098973,-9.57165418109539e-07,319.57944508838807,617.6322955756671,617.6322965328325,True,1144
2026-08-15-k-dimension-gsa-det-cbd-moment-v1,1024,532,1516,1012,1404,1.0020246856731014,-1.205947318508577e-07,327.0550165388922,618.7411224509315,618.7411225715261,True,1145
2026-08-15-k-dimension-gsa-det-cbd-moment-v1,1024,533,1515,1017,1405,1.0020171250638394,-6.686649500092842e-08,328.51406457908143,619.8499021960282,619.8499022628947,True,1147
2026-08-15-k-dimension-gsa-det-cbd-moment-v1,1024,534,1514,1006,1398,1.0020338419186259,-1.2541682256924074e-07,325.3011119907069,620.9587340197012,620.958734145118,True,1148
2026-08-15-k-dimension-gsa-det-cbd-moment-v1,1024,535,1513,1017,1402,1.0020171250638394,-4.3494703919502077e-08,328.5121587729379,622.0674557376956,622.0674557811902,True,1149
2026-08-15-k-dimension-gsa-det-cbd-moment-v1,1024,536,1512,986,1385,1.0020650388098973,-3.6896214854691546e-07,319.51809861399573,623.1762206322037,623.1762210011658,True,1150
2026-08-15-k-dimension-gsa-det-cbd-moment-v1,1024,537,1511,1000,1391,1.0020430906264575,-1.059904501691284e-07,323.6051441349395,624.2850535662392,624.2850536722297,True,1151
2026-08-15-k-dimension-gsa-det-cbd-moment-v1,1024,538,1510,1191,1485,1.0017879744131626,-1.6017132519074588e-16,378.81979567546273,625.3938208148254,625.3938208148254,True,1152
2026-08-15-k-dimension-gsa-det-cbd-moment-v1,1024,539,1509,1159,1468,1.0018257193833464,-1.313404866564117e-14,369.55730209196895,626.5025879719606,626.5025879719606,True,1154
2026-08-15-k-dimension-gsa-det-cbd-moment-v1,1024,540,1508,1167,1470,1.001816118444473,-3.2034265038149182e-15,371.8923457147109,627.6113327278019,627.6113327278019,True,1155
2026-08-15-k-dimension-gsa-det-cbd-moment-v1,1024,541,1507,986,1378,1.0020650388098973,-1.340397277710019e-07,319.5133198913725,628.7221310081657,628.7221311422054,True,1156
2026-08-15-k-dimension-gsa-det-cbd-moment-v1,1024,542,1506,1143,1456,1.001845262829795,-2.899100985952504e-14,364.9604335681155,629.8309379332827,629.8309379332827,True,1157
2026-08-15-k-dimension-gsa-det-cbd-moment-v1,1024,543,1505,986,1375,1.0020650388098973,-8.784287668391755e-08,319.51140396142176,630.93960902356,630.9396091114029,True,1158
2026-08-15-k-dimension-gsa-det-cbd-moment-v1,1024,544,1504,1143,1453,1.001845262829795,-1.3774733966404155e-14,364.95851636512117,632.0484078405071,632.0484078405071,True,1160
2026-08-15-k-dimension-gsa-det-cbd-moment-v1,1024,545,1503,1159,1459,1.0018257193833464,-1.1211992763352213e-15,369.55155429535864,633.157215942868,633.157215942868,True,1161
2026-08-15-k-dimension-gsa-det-cbd-moment-v1,1024,546,1502,1143,1450,1.001845262829795,-6.406853007629837e-15,364.95659661095783,634.2658605828378,634.2658605828378,True,1162
2026-08-15-k-dimension-gsa-det-cbd-moment-v1,1024,547,1501,972,1362,1.0020875177378408,-1.1173291928539615e-07,315.4761479797617,635.3746701966504,635.3746703083833,True,1163
2026-08-15-k-dimension-gsa-det-cbd-moment-v1,1024,548,1500,1143,1447,1.001845262829795,-2.8830838534334264e-15,364.9546742988268,636.4833193059793,636.4833193059793,True,1165
2026-08-15-k-dimension-gsa-det-cbd-moment-v1,1024,549,1499,955,1350,1.0021155564319801,-2.7298293457793085e-07,310.5102243860889,637.5920805222295,637.5920807952124,True,1166
2026-08-15-k-dimension-gsa-det-cbd-moment-v1,1024,550,1498,1143,1444,1.001845262829795,-1.2813706015259673e-15,364.9527494219023,638.7028714528254,638.7028714528254,True,1167
2026-08-15-k-dimension-gsa-det-cbd-moment-v1,1024,551,1497,955,1347,1.0021155564319801,-1.8035202246329624e-07,310.50829822419945,639.8114818331356,639.8114820134876,True,1168
2026-08-15-k-dimension-gsa-det-cbd-moment-v1,1024,552,1496,986,1362,1.0020650388098973,-1.1470281041927846e-08,319.5027506496623,640.920299006435,640.9202990179053,True,1170
2026-08-15-k-dimension-gsa-det-cbd-moment-v1,1024,553,1495,1127,1431,1.0018652759198987,-2.8830838534334264e-15,360.27785728252906,642.0289973062486,642.0289973062486,True,1171
2026-08-15-k-dimension-gsa-det-cbd-moment-v1,1024,554,1494,940,1335,1.0021410019146464,-3.0757682521180475e-07,306.17985193495264,643.137660864728,643.1376611723048,True,1172
2026-08-15-k-dimension-gsa-det-cbd-moment-v1,1024,555,1493,1127,1428,1.0018652759198987,-1.2813706015259673e-15,360.2759259635781,644.2463674764062,644.2463674764062,True,1174
2026-08-15-k-dimension-gsa-det-cbd-moment-v1,1024,556,1492,955,1340,1.0021155564319801,-6.108353219494989e-08,310.50347153839624,645.3550641504395,645.355064211523,True,1175
2026-08-15-k-dimension-gsa-det-cbd-moment-v1,1024,557,1491,1127,1425,1.0018652759198987,-4.805139755722376e-16,360.27399205572704,646.4637652296658,646.4637652296658,True,1176
2026-08-15-k-dimension-gsa-det-cbd-moment-v1,1024,558,1490,955,1337,1.0021155564319801,-3.8852841362974055e-08,310.50153633349055,647.5724089933725,647.5724090322253,True,1178
2026-08-15-k-dimension-gsa-det-cbd-moment-v1,1024,559,1489,940,1327,1.0021410019146464,-1.0650932182967081e-07,306.1750155407455,648.6810875214511,648.6810876279604,True,1179
2026-08-15-k-dimension-gsa-det-cbd-moment-v1,1024,560,1488,932,1322,1.0021548533791247,-1.6293307981579473e-07,303.8380463132715,649.7918361942452,649.7918363571783,True,1180
2026-08-15-k-dimension-gsa-det-cbd-moment-v1,1024,561,1487,932,1320,1.0021548533791247,-1.3126314375353165e-07,303.8370764342159,650.9004403013882,650.9004404326514,True,1182
2026-08-15-k-dimension-gsa-det-cbd-moment-v1,1024,562,1486,1095,1402,1.0019067833021493,-4.805139755722378e-15,350.99914649542586,652.009157876346,652.009157876346,True,1183
2026-08-15-k-dimension-gsa-det-cbd-moment-v1,1024,563,1485,1080,1393,1.0019269545283391,-2.178330022594146e-14,346.61817531057545,653.1178170183601,653.1178170183601,True,1184
2026-08-15-k-dimension-gsa-det-cbd-moment-v1,1024,564,1484,924,1312,1.0021689057073238,-1.3026045908073807e-07,301.55063029867836,654.2263881061929,654.2263882364533,True,1186
2026-08-15-k-dimension-gsa-det-cbd-moment-v1,1024,565,1483,1080,1390,1.0019269545283391,-9.93062216182625e-15,346.61623097734196,655.3350980777777,655.3350980777777,True,1187
2026-08-15-k-dimension-gsa-det-cbd-moment-v1,1024,566,1482,924,1309,1.0021689057073238,-8.358895307941427e-08,301.5486846543634,656.4437098890014,656.4437099725903,True,1188
2026-08-15-k-dimension-gsa-det-cbd-moment-v1,1024,567,1481,1080,1387,1.0019269545283391,-4.32462578015014e-15,346.6142840201761,657.5523625315475,657.5523625315475,True,1190
2026-08-15-k-dimension-gsa-det-cbd-moment-v1,1024,568,1480,1064,1378,1.0019489993904,-2.3385013477848925e-14,342.011698883295,658.6610008835439,658.6610008835439,True,1191
2026-08-15-k-dimension-gsa-det-cbd-moment-v1,1024,569,1479,909,1297,1.0021958112821976,-1.4777248721117985e-07,297.1657612591566,659.7715770951152,659.7715772428877,True,1193
2026-08-15-k-dimension-gsa-det-cbd-moment-v1,1024,570,1478,1064,1375,1.0019489993904,-1.0411136137398487e-14,342.00974797692487,660.8802414041447,660.8802414041447,True,1194
2026-08-15-k-dimension-gsa-det-cbd-moment-v1,1024,571,1477,909,1294,1.0021958112821976,-9.464219529349046e-08,297.16380903282237,661.9887788361439,661.9887789307861,True,1195
2026-08-15-k-dimension-gsa-det-cbd-moment-v1,1024,572,1476,1064,1372,1.0019489993904,-4.32462578015014e-15,342.00779442883913,663.0974589703388,663.0974589703388,True,1197
2026-08-15-k-dimension-gsa-det-cbd-moment-v1,1024,573,1475,1271,1467,1.0017007384877277,0.0,401.96538983474505,664.2060801109424,664.2060801109424,True,1198
2026-08-15-k-dimension-gsa-det-cbd-moment-v1,1024,574,1474,1064,1369,1.0019489993904,-1.7618845770982049e-15,342.0058382318738,665.3147075504378,665.3147075504378,True,1200
2026-08-15-k-dimension-gsa-det-cbd-moment-v1,1024,575,1473,1255,1456,1.001717426476647,0.0,397.2914323106443,666.4232883607281,666.4232883607281,True,1201
2026-08-15-k-dimension-gsa-det-cbd-moment-v1,1024,576,1472,1257,1456,1.0017153206843428,0.0,397.8744525516655,667.5319491086304,667.5319491086304,True,1203
2026-08-15-k-dimension-gsa-det-cbd-moment-v1,1024,577,1471,1252,1452,1.0017205959112243,0.0,396.4134721268633,668.6405418141259,668.6405418141259,True,1204
2026-08-15-k-dimension-gsa-det-cbd-moment-v1,1024,578,1470,1255,1451,1.001717426476647,0.0,397.2884910353322,669.7490960945205,669.7490960945205,True,1206
2026-08-15-k-dimension-gsa-det-cbd-moment-v1,1024,579,1469,1247,1446,1.0017259071617788,0.0,394.95150927616476,670.8596785282834,670.8596785282834,True,1207
2026-08-15-k-dimension-gsa-det-cbd-moment-v1,1024,580,1468,1239,1441,1.0017344810543012,0.0,392.61452684845165,671.9681843440574,671.9681843440574,True,1208
2026-08-15-k-dimension-gsa-det-cbd-moment-v1,1024,581,1467,880,1264,1.0022499962378735,-1.1336125240534734e-07,288.78554375128186,673.07687287514,673.0768729885012,True,1210
2026-08-15-k-dimension-gsa-det-cbd-moment-v1,1024,582,1466,863,1253,1.0022831695822485,-3.7597158432950865e-07,283.86786569852063,674.1853942014419,674.1853945774135,True,1212
2026-08-15-k-dimension-gsa-det-cbd-moment-v1,1024,583,1465,877,1259,1.002255772239904,-9.25832231762271e-08,287.90757554491813,675.2940237019475,675.2940237945307,True,1213
2026-08-15-k-dimension-gsa-det-cbd-moment-v1,1024,584,1464,1231,1431,1.001743149760138,0.0,390.2745904338925,676.4025353124574,676.4025353124574,True,1215
2026-08-15-k-dimension-gsa-det-cbd-moment-v1,1024,585,1463,1223,1426,1.0017519149230962,0.0,388.03071405413846,677.5109940695544,677.5109940695544,True,1216
2026-08-15-k-dimension-gsa-det-cbd-moment-v1,1024,586,1462,1215,1421,1.0017607782260058,0.0,385.6937275959524,678.6196728567495,678.6196728567495,True,1218
2026-08-15-k-dimension-gsa-det-cbd-moment-v1,1024,587,1461,1207,1415,1.0017697413918987,0.0,383.35674046280343,679.7281763350653,679.7281763350653,True,1219
2026-08-15-k-dimension-gsa-det-cbd-moment-v1,1024,588,1460,1211,1415,1.0017652472167864,0.0,384.5237526537673,680.838732722078,680.838732722078,True,1221
2026-08-15-k-dimension-gsa-det-cbd-moment-v1,1024,589,1459,863,1243,1.0022831695822485,-7.724230140592325e-08,283.8609604783047,681.9471982750911,681.9471983523333,True,1222
2026-08-15-k-dimension-gsa-det-cbd-moment-v1,1024,590,1458,848,1234,1.0023133594158213,-2.2567582802819053e-07,279.5257750043269,683.0558350258389,683.0558352515147,True,1224
2026-08-15-k-dimension-gsa-det-cbd-moment-v1,1024,591,1457,1203,1407,1.0017742609732045,0.0,382.18478516206443,684.1643513057905,684.1643513057905,True,1226
2026-08-15-k-dimension-gsa-det-cbd-moment-v1,1024,592,1456,848,1231,1.0023133594158213,-1.42944881656104e-07,279.47799095058554,685.2728072472545,685.2728073901993,True,1227
2026-08-15-k-dimension-gsa-det-cbd-moment-v1,1024,593,1455,1002,1309,1.0020399973604648,-3.0432551786241723e-15,324.01436539385264,686.3814031341074,686.3814031341074,True,1229
2026-08-15-k-dimension-gsa-det-cbd-moment-v1,1024,594,1454,848,1228,1.0023133594158213,-8.940640496297676e-08,279.47600786430644,687.4898115414692,687.4898116308756,True,1230
2026-08-15-k-dimension-gsa-det-cbd-moment-v1,1024,595,1453,843,1224,1.0023236214864195,-1.1010813738339883e-07,278.0608189876328,688.5984511356924,688.5984512458004,True,1232
2026-08-15-k-dimension-gsa-det-cbd-moment-v1,1024,596,1452,986,1297,1.0020650388098973,-7.688223609155805e-15,319.33938769405273,689.7069160004315,689.7069160004315,True,1234
2026-08-15-k-dimension-gsa-det-cbd-moment-v1,1024,597,1451,833,1216,1.002344453119633,-1.6684624958263623e-07,275.13883180406674,690.8173055155875,690.8173056824337,True,1235
2026-08-15-k-dimension-gsa-det-cbd-moment-v1,1024,598,1450,986,1294,1.0020650388098973,-3.203426503814918e-15,319.3373991409593,691.9258311899804,691.9258311899804,True,1237
2026-08-15-k-dimension-gsa-det-cbd-moment-v1,1024,599,1449,1175,1381,1.0018066286228426,0.0,374.0008418795569,693.0343427176743,693.0343427176743,True,1239
2026-08-15-k-dimension-gsa-det-cbd-moment-v1,1024,600,1448,986,1291,1.0020650388098973,-1.281370601525967e-15,319.33540784314016,694.1428803372676,694.1428803372676,True,1240
2026-08-15-k-dimension-gsa-det-cbd-moment-v1,1024,601,1447,1159,1371,1.0018257193833464,0.0,369.41431204778206,695.2513771412833,695.2513771412833,True,1242
2026-08-15-k-dimension-gsa-det-cbd-moment-v1,1024,602,1446,818,1200,1.0023764936875026,-1.960754200992077e-07,270.79824595630953,696.3597712241572,696.3597714202326,True,1244
2026-08-15-k-dimension-gsa-det-cbd-moment-v1,1024,603,1445,822,1201,1.0023678544177594,-1.0805735882797238e-07,271.96524789674646,697.4683938235768,697.4683939316342,True,1245
2026-08-15-k-dimension-gsa-det-cbd-moment-v1,1024,604,1444,1159,1366,1.0018257193833464,0.0,369.4113178681375,698.5767739679874,698.5767739679874,True,1247
2026-08-15-k-dimension-gsa-det-cbd-moment-v1,1024,605,1443,803,1188,1.002409526947942,-3.6781590778662975e-07,266.45831842574154,699.6852913407952,699.6852917086111,True,1249
2026-08-15-k-dimension-gsa-det-cbd-moment-v1,1024,606,1442,1143,1356,1.001845262829795,0.0,364.7373182904911,700.7937422161572,700.7937422161572,True,1251
2026-08-15-k-dimension-gsa-det-cbd-moment-v1,1024,607,1441,818,1193,1.0023764936875026,-5.866222051345024e-08,270.79324873953317,701.904124548242,701.9041246069041,True,1252
2026-08-15-k-dimension-gsa-det-cbd-moment-v1,1024,608,1440,1127,1345,1.0018652759198987,0.0,360.145778097772,703.0126395055298,703.0126395055298,True,1254
2026-08-15-k-dimension-gsa-det-cbd-moment-v1,1024,609,1439,1143,1351,1.001845262829795,0.0,364.7343137179906,704.1209950719347,704.1209950719347,True,1256
2026-08-15-k-dimension-gsa-det-cbd-moment-v1,1024,610,1438,803,1181,1.002409526947942,-1.1338405409946794e-07,266.4533108016896,705.2294806468811,705.2294807602652,True,1258
2026-08-15-k-dimension-gsa-det-cbd-moment-v1,1024,611,1437,1127,1340,1.0018652759198987,0.0,360.1427693478996,706.337892127384,706.337892127384,True,1259
2026-08-15-k-dimension-gsa-det-cbd-moment-v1,1024,612,1436,803,1178,1.002409526947942,-6.914204920907608e-08,266.4513028750734,707.4463570811594,707.4463571503014,True,1261
2026-08-15-k-dimension-gsa-det-cbd-moment-v1,1024,613,1435,1111,1330,1.0018857764877853,0.0,355.4687600230053,708.5548820136968,708.5548820136968,True,1263
2026-08-15-k-dimension-gsa-det-cbd-moment-v1,1024,614,1434,955,1254,1.0021155564319801,0.0,310.330791809423,709.663320040447,709.663320040447,True,1265
2026-08-15-k-dimension-gsa-det-cbd-moment-v1,1024,615,1433,788,1165,1.002443601805116,-1.3487946383102774e-07,262.1101059112071,710.7716792092594,710.7716793441389,True,1267
2026-08-15-k-dimension-gsa-det-cbd-moment-v1,1024,616,1432,793,1167,1.0024321246332244,-6.54638199447893e-08,263.5690987942092,711.8820686692841,711.8820687347479,True,1269
2026-08-15-k-dimension-gsa-det-cbd-moment-v1,1024,617,1431,788,1162,1.002443601805116,-8.21195325485727e-08,262.1080909736716,712.9903576221097,712.9903577042293,True,1270
2026-08-15-k-dimension-gsa-det-cbd-moment-v1,1024,618,1430,1111,1322,1.0018857764877853,0.0,355.46372443310804,714.0988989869172,714.0988989869172,True,1272
2026-08-15-k-dimension-gsa-det-cbd-moment-v1,1024,619,1429,924,1231,1.0021689057073238,-2.2423985526704426e-15,301.38922991923687,715.2072974473431,715.2072974473431,True,1274
2026-08-15-k-dimension-gsa-det-cbd-moment-v1,1024,620,1428,773,1150,1.0024787705050489,-1.6166992542732072e-07,257.76570526547135,716.3156390616912,716.3156392233611,True,1276
2026-08-15-k-dimension-gsa-det-cbd-moment-v1,1024,621,1427,1111,1317,1.0018857764877853,0.0,355.46069462091805,717.424163503784,717.424163503784,True,1278
2026-08-15-k-dimension-gsa-det-cbd-moment-v1,1024,622,1426,909,1219,1.0021958112821976,-5.7661677068668535e-15,297.00619798458496,718.5324817414103,718.5324817414103,True,1280
2026-08-15-k-dimension-gsa-det-cbd-moment-v1,1024,623,1425,758,1137,1.0025150889302445,-3.170769670073843e-07,253.46067371738303,719.640935814412,719.640936131489,True,1282
2026-08-15-k-dimension-gsa-det-cbd-moment-v1,1024,624,1424,909,1216,1.0021958112821976,-2.242398552670443e-15,297.0041731491075,720.7492854991788,720.7492854991788,True,1284
2026-08-15-k-dimension-gsa-det-cbd-moment-v1,1024,625,1423,1080,1296,1.0019269545283391,0.0,346.48264745997,721.8576914716119,721.8576914716119,True,1286
2026-08-15-k-dimension-gsa-det-cbd-moment-v1,1024,626,1422,909,1213,1.0021958112821976,-8.008566259537295e-16,297.0021454677605,722.9679660296647,722.9679660296647,True,1288
2026-08-15-k-dimension-gsa-det-cbd-moment-v1,1024,627,1421,773,1140,1.0024787705050489,-2.6515705245421744e-08,257.7586158406851,724.0763470671233,724.076347093639,True,1290
2026-08-15-k-dimension-gsa-det-cbd-moment-v1,1024,628,1420,1080,1291,1.0019269545283391,0.0,346.4796027278356,725.1847127185367,725.1847127185367,True,1292
2026-08-15-k-dimension-gsa-det-cbd-moment-v1,1024,629,1419,773,1137,1.0024787705050489,-1.5270190690401036e-08,257.7565838755028,726.2931351680755,726.2931351833457,True,1294
2026-08-15-k-dimension-gsa-det-cbd-moment-v1,1024,630,1418,1064,1281,1.0019489993904,0.0,341.80556933068306,727.4014255706593,727.4014255706593,True,1296
2026-08-15-k-dimension-gsa-det-cbd-moment-v1,1024,631,1417,1058,1276,1.0019574112843674,0.0,340.05255155636155,728.5098922428399,728.5098922428399,True,1298
2026-08-15-k-dimension-gsa-det-cbd-moment-v1,1024,632,1416,1048,1270,1.0019716116597392,0.0,337.2055336449703,729.6182057908622,729.6182057908622,True,1300
2026-08-15-k-dimension-gsa-det-cbd-moment-v1,1024,633,1415,743,1115,1.0025526169263403,-1.117376801270731e-07,249.07051385116281,730.7265311928667,730.7265313046044,True,1302
2026-08-15-k-dimension-gsa-det-cbd-moment-v1,1024,634,1414,742,1113,1.002555163345431,-9.528115126700319e-08,248.81496862367163,731.8349572559198,731.834957351201,True,1304
2026-08-15-k-dimension-gsa-det-cbd-moment-v1,1024,635,1413,736,1108,1.0025705618175025,-1.3377292153022692e-07,247.06194796919618,732.9450684101158,732.9450685438887,True,1306
2026-08-15-k-dimension-gsa-det-cbd-moment-v1,1024,636,1412,1042,1261,1.0019802422220279,0.0,335.4494524681585,734.0534840463256,734.0534840463256,True,1308
2026-08-15-k-dimension-gsa-det-cbd-moment-v1,1024,637,1411,1033,1255,1.0019933465183521,0.0,332.82043036748456,735.1617481491218,735.1617481491218,True,1310
2026-08-15-k-dimension-gsa-det-cbd-moment-v1,1024,638,1410,729,1100,1.002588790900061,-1.2399265499914003e-07,245.0514075421735,736.270074954969,736.2700750789617,True,1312
2026-08-15-k-dimension-gsa-det-cbd-moment-v1,1024,639,1409,848,1162,1.0023133594158213,-2.7068953957236094e-14,279.3344368914372,737.378489801084,737.378489801084,True,1314
2026-08-15-k-dimension-gsa-det-cbd-moment-v1,1024,640,1408,1239,1340,1.0017344810543012,0.0,392.45478654069484,738.4868032685301,738.4868032685301,True,1316
2026-08-15-k-dimension-gsa-det-cbd-moment-v1,1024,641,1407,848,1159,1.0023133594158213,-1.0571307462589233e-14,279.33238760836406,739.5951293021124,739.5951293021124,True,1317
2026-08-15-k-dimension-gsa-det-cbd-moment-v1,1024,642,1406,1017,1239,1.0020171250638394,0.0,328.14330897395985,740.7033692731616,740.7033692731616,True,1316
2026-08-15-k-dimension-gsa-det-cbd-moment-v1,1024,643,1405,714,1084,1.002628843528209,-1.5335139366026666e-07,240.70190641972638,741.8117005437825,741.8117006971339,True,1315
2026-08-15-k-dimension-gsa-det-cbd-moment-v1,1024,644,1404,833,1147,1.002344453119633,-2.8190153233571315e-14,274.99821781591305,742.9200719486508,742.9200719486508,True,1314
2026-08-15-k-dimension-gsa-det-cbd-moment-v1,1024,645,1403,848,1153,1.0023133594158213,-1.441541926716713e-15,279.3282802887474,744.0302075712838,744.0302075712838,True,1313
2026-08-15-k-dimension-gsa-det-cbd-moment-v1,1024,646,1402,833,1144,1.002344453119633,-1.0891650112970726e-14,274.99616122961913,745.1384649241191,745.1384649241191,True,1312
2026-08-15-k-dimension-gsa-det-cbd-moment-v1,1024,647,1401,709,1076,1.0026425042985438,-8.888958129783354e-08,239.2377932450489,746.2468562329726,746.2468563218622,True,1311
2026-08-15-k-dimension-gsa-det-cbd-moment-v1,1024,648,1400,833,1141,1.002344453119633,-4.004283129768648e-15,274.9941017074408,747.3550468151279,747.3550468151279,True,1310
2026-08-15-k-dimension-gsa-det-cbd-moment-v1,1024,649,1399,986,1214,1.0020650388098973,0.0,319.221611865802,748.4633555382051,748.4633555382051,True,1309
2026-08-15-k-dimension-gsa-det-cbd-moment-v1,1024,650,1398,833,1138,1.002344453119633,-1.441541926716713e-15,274.9920392409839,749.5716650260056,749.5716650260056,True,1308
2026-08-15-k-dimension-gsa-det-cbd-moment-v1,1024,651,1397,685,1057,1.0027103512534334,-3.6456260014561824e-07,232.32754792404674,750.679977072106,750.6799774366687,True,1307
2026-08-15-k-dimension-gsa-det-cbd-moment-v1,1024,652,1396,714,1072,1.002628843528209,-1.243356741057952e-08,240.65701132109703,751.788260251694,751.7882602641276,True,1306
2026-08-15-k-dimension-gsa-det-cbd-moment-v1,1024,653,1395,699,1062,1.0026703077724055,-4.9396487920745395e-08,236.34636682949528,752.896542279756,752.8965423291525,True,1305
2026-08-15-k-dimension-gsa-det-cbd-moment-v1,1024,654,1394,692,1056,1.0026901629466387,-7.965747152352645e-08,234.33527960057052,754.0065880285292,754.0065881081867,True,1304
2026-08-15-k-dimension-gsa-det-cbd-moment-v1,1024,655,1393,688,1053,1.0027016577714145,-9.286037103141399e-08,233.16624429730334,755.1149035710883,755.1149036639487,True,1303
2026-08-15-k-dimension-gsa-det-cbd-moment-v1,1024,656,1392,685,1050,1.0027103512534334,-9.729976151713676e-08,232.32237511448602,756.2231091178629,756.2231092151627,True,1302
2026-08-15-k-dimension-gsa-det-cbd-moment-v1,1024,657,1391,818,1119,1.0023764936875026,-4.805139755722376e-16,270.6521030149291,757.3313849880603,757.3313849880603,True,1301
2026-08-15-k-dimension-gsa-det-cbd-moment-v1,1024,658,1390,685,1047,1.0027103512534334,-5.565456069128496e-08,232.28713392231296,758.4396376411654,758.43963769682,True,1300
2026-08-15-k-dimension-gsa-det-cbd-moment-v1,1024,659,1389,818,1116,1.0023764936875026,0.0,270.65002719436825,759.5479578081378,759.5479578081378,True,1299
2026-08-15-k-dimension-gsa-det-cbd-moment-v1,1024,660,1388,673,1037,1.0027457604059884,-1.1777611305364499e-07,228.84664494890794,760.6562135576485,760.6562136754246,True,1298
2026-08-15-k-dimension-gsa-det-cbd-moment-v1,1024,661,1387,670,1034,1.0027547751466057,-1.2366303717494406e-07,227.96960516865326,761.7643740042977,761.7643741279608,True,1297
2026-08-15-k-dimension-gsa-det-cbd-moment-v1,1024,662,1386,669,1032,1.0027577947956217,-1.0452626330602408e-07,227.67656463846689,762.8726903652286,762.8726904697548,True,1296
2026-08-15-k-dimension-gsa-det-cbd-moment-v1,1024,663,1385,670,1031,1.0027547751466057,-7.067641060636362e-08,227.96752335726623,763.982562477958,763.9825625486344,True,1295
2026-08-15-k-dimension-gsa-det-cbd-moment-v1,1024,664,1384,788,1093,1.002443601805116,-2.402569877861189e-15,261.97502234699516,765.0909084153424,765.0909084153424,True,1294
2026-08-15-k-dimension-gsa-det-cbd-moment-v1,1024,665,1383,773,1084,1.0024787705050489,-2.1142614925178482e-14,257.6370482824008,766.1991412780285,766.1991412780285,True,1293
2026-08-15-k-dimension-gsa-det-cbd-moment-v1,1024,666,1382,656,1019,1.0027977355210944,-1.4242847724157223e-07,223.9391307520659,767.3073423050092,767.3073424474377,True,1292
2026-08-15-k-dimension-gsa-det-cbd-moment-v1,1024,667,1381,773,1081,1.0024787705050489,-7.688223609155806e-15,257.63496044550834,768.415572156295,768.415572156295,True,1291
2026-08-15-k-dimension-gsa-det-cbd-moment-v1,1024,668,1380,924,1154,1.0021689057073238,0.0,301.22341505238666,769.5238132884987,769.5238132884987,True,1290
2026-08-15-k-dimension-gsa-det-cbd-moment-v1,1024,669,1379,773,1078,1.0024787705050489,-2.7229125282426804e-15,257.6328695827643,770.6319881041782,770.6319881041782,True,1289
2026-08-15-k-dimension-gsa-det-cbd-moment-v1,1024,670,1378,646,1008,1.002829352590005,-1.4055445382607122e-07,221.04532267342543,771.740264810376,771.7402649509304,True,1288
2026-08-15-k-dimension-gsa-det-cbd-moment-v1,1024,671,1377,641,1003,1.0028454633001427,-1.848301723081549e-07,219.61402268825017,772.8483829908522,772.8483831756823,True,1287
2026-08-15-k-dimension-gsa-det-cbd-moment-v1,1024,672,1376,645,1004,1.0028325583815378,-8.91014402492678e-08,220.75122725542323,773.9567114356521,773.9567115247536,True,1286
2026-08-15-k-dimension-gsa-det-cbd-moment-v1,1024,673,1375,909,1139,1.0021958112821976,0.0,296.83817840402054,775.0665184637555,775.0665184637555,True,1285
2026-08-15-k-dimension-gsa-det-cbd-moment-v1,1024,674,1374,627,991,1.0028916871353113,-3.7537283185858103e-07,215.58059163078957,776.1747718493622,776.174772224735,True,1284
2026-08-15-k-dimension-gsa-det-cbd-moment-v1,1024,675,1373,909,1135,1.0021958112821976,0.0,296.83607841086825,777.2829960114849,777.2829960114849,True,1283
2026-08-15-k-dimension-gsa-det-cbd-moment-v1,1024,676,1372,758,1060,1.0025150889302445,-8.008566259537295e-16,253.28734778311778,778.3911384471669,778.3911384471669,True,1282
2026-08-15-k-dimension-gsa-det-cbd-moment-v1,1024,677,1371,634,991,1.0028683667270286,-7.348732032093978e-08,217.56372269989444,779.4993353909298,779.4993354644171,True,1281
2026-08-15-k-dimension-gsa-det-cbd-moment-v1,1024,678,1370,641,993,1.0028454633001427,-2.3608628366005547e-08,219.57692267856905,780.6074980962871,780.6074981198958,True,1280
2026-08-15-k-dimension-gsa-det-cbd-moment-v1,1024,679,1369,627,984,1.0028916871353113,-9.21137135134311e-08,215.5467629210326,781.715676700838,781.7156767929517,True,1279
2026-08-15-k-dimension-gsa-det-cbd-moment-v1,1024,680,1368,894,1120,1.0022234708444293,0.0,292.5097087046606,782.8238912162371,782.8238912162371,True,1278
2026-08-15-k-dimension-gsa-det-cbd-moment-v1,1024,681,1367,627,981,1.0028916871353113,-5.07378969932052e-08,215.54465371738075,783.931999215663,783.9319992664009,True,1277
2026-08-15-k-dimension-gsa-det-cbd-moment-v1,1024,682,1366,878,1109,1.0022538432413102,0.0,287.8921814864311,785.0419253803933,785.0419253803933,True,1276
2026-08-15-k-dimension-gsa-det-cbd-moment-v1,1024,683,1365,614,971,1.0029361440262379,-1.2968850904954898e-07,211.8031249539483,786.150128589802,786.1501287194905,True,1275
2026-08-15-k-dimension-gsa-det-cbd-moment-v1,1024,684,1364,613,969,1.0029396273763718,-1.0873819724231543e-07,211.51006764716524,787.2582230862045,787.2582231949426,True,1274
2026-08-15-k-dimension-gsa-det-cbd-moment-v1,1024,685,1363,878,1105,1.0022538432413102,0.0,287.88900956494626,788.3664481929126,788.3664481929126,True,1273
2026-08-15-k-dimension-gsa-det-cbd-moment-v1,1024,686,1362,609,964,1.0029536538982136,-9.641741134379866e-08,210.36743144257528,789.4745644208356,789.474564517253,True,1272
2026-08-15-k-dimension-gsa-det-cbd-moment-v1,1024,687,1361,863,1094,1.0022831695822485,0.0,283.50689106964506,790.5826519288966,790.5826519288966,True,1271
2026-08-15-k-dimension-gsa-det-cbd-moment-v1,1024,688,1360,714,1018,1.002628843528209,-5.1254824061038706e-15,240.5453184495813,791.6908566143777,791.6908566143777,True,1270
2026-08-15-k-dimension-gsa-det-cbd-moment-v1,1024,689,1359,598,953,1.002993012502211,-1.4605129514523603e-07,207.17921724293086,792.79891048367,792.7989106297214,True,1269
2026-08-15-k-dimension-gsa-det-cbd-moment-v1,1024,690,1358,714,1015,1.002628843528209,-1.601713251907459e-15,240.5431952776883,793.9071358776738,793.9071358776738,True,1268
2026-08-15-k-dimension-gsa-det-cbd-moment-v1,1024,691,1357,598,950,1.002993012502211,-8.017229422303192e-08,207.17709250758233,795.0152708046022,795.0152708847745,True,1267
2026-08-15-k-dimension-gsa-det-cbd-moment-v1,1024,692,1356,848,1079,1.0023133594158213,0.0,279.1760289652998,796.1249999685173,796.1249999685173,True,1266
2026-08-15-k-dimension-gsa-det-cbd-moment-v1,1024,693,1355,699,1003,1.0026703077724055,-5.766167706866854e-15,236.23400523112858,797.2331809957078,797.2331809957078,True,1265
2026-08-15-k-dimension-gsa-det-cbd-moment-v1,1024,694,1354,584,938,1.0030448417814966,-1.763782489055698e-07,203.1383669456326,798.3412133738285,798.3412135502067,True,1264
2026-08-15-k-dimension-gsa-det-cbd-moment-v1,1024,695,1353,699,1000,1.0026703077724055,-1.9220559022889508e-15,236.19534834283877,799.4493925852793,799.4493925852793,True,1263
2026-08-15-k-dimension-gsa-det-cbd-moment-v1,1024,696,1352,598,943,1.002993012502211,-1.6247575500249153e-08,207.17176693844564,800.5575479134043,800.5575479296518,True,1262
2026-08-15-k-dimension-gsa-det-cbd-moment-v1,1024,697,1351,833,1064,1.002344453119633,0.0,274.84316688138324,801.6655616081295,801.6655616081295,True,1261
2026-08-15-k-dimension-gsa-det-cbd-moment-v1,1024,698,1350,580,930,1.003060022466871,-8.549100463122192e-08,201.99163370610293,802.7737780069172,802.7737780924082,True,1260
2026-08-15-k-dimension-gsa-det-cbd-moment-v1,1024,699,1349,818,1053,1.0023764936875026,0.0,270.5116556280758,803.8817852182838,803.8817852182838,True,1259
2026-08-15-k-dimension-gsa-det-cbd-moment-v1,1024,700,1348,577,925,1.0030715199150664,-6.663101758180342e-08,201.11349479534658,804.9899315462717,804.9899316129028,True,1258
2026-08-15-k-dimension-gsa-det-cbd-moment-v1,1024,701,1347,584,928,1.0030448417814966,-1.9372781060721897e-08,203.1308890575199,806.0996703567612,806.099670376134,True,1257
2026-08-15-k-dimension-gsa-det-cbd-moment-v1,1024,702,1346,570,918,1.003098728146979,-8.613603218417602e-08,199.0924436897379,807.2077582930278,807.2077583791639,True,1256
2026-08-15-k-dimension-gsa-det-cbd-moment-v1,1024,703,1345,571,917,1.0030948081773658,-5.51541047574154e-08,199.38337145257157,808.3159170202731,808.3159170754273,True,1255
2026-08-15-k-dimension-gsa-det-cbd-moment-v1,1024,704,1344,570,915,1.003098728146979,-4.5427701157296826e-08,199.09029841790633,809.4238997106353,809.423899756063,True,1254
2026-08-15-k-dimension-gsa-det-cbd-moment-v1,1024,705,1343,1191,1203,1.0017879744131626,0.0,378.370598511485,810.5320623049091,810.5320623049091,True,1253
2026-08-15-k-dimension-gsa-det-cbd-moment-v1,1024,706,1342,788,1027,1.002443601805116,0.0,261.840365266587,811.6400761396079,811.6400761396079,True,1252
2026-08-15-k-dimension-gsa-det-cbd-moment-v1,1024,707,1341,556,903,1.0031548023281565,-1.0605840300284292e-07,195.07183085946738,812.7481233928274,812.7481234988859,True,1251
2026-08-15-k-dimension-gsa-det-cbd-moment-v1,1024,708,1340,557,902,1.0031507215106832,-6.770458479897686e-08,195.362754622908,813.8562644224851,813.8562644901897,True,1250
2026-08-15-k-dimension-gsa-det-cbd-moment-v1,1024,709,1339,556,900,1.0031548023281565,-5.575564146824239e-08,195.0696775828872,814.9642286729064,814.9642287286621,True,1249
2026-08-15-k-dimension-gsa-det-cbd-moment-v1,1024,710,1338,551,896,1.003175385750631,-7.772868124283961e-08,193.63205871102835,816.0723948825042,816.0723949602329,True,1248
2026-08-15-k-dimension-gsa-det-cbd-moment-v1,1024,711,1337,788,1019,1.002443601805116,0.0,261.7876743457018,817.1820571776638,817.1820571776638,True,1247
2026-08-15-k-dimension-gsa-det-cbd-moment-v1,1024,712,1336,542,888,1.0032132066444195,-1.322862146119425e-07,191.04770429247404,818.2900389448188,818.290039077105,True,1246
2026-08-15-k-dimension-gsa-det-cbd-moment-v1,1024,713,1335,773,1009,1.0024787705050489,0.0,257.45282033696174,819.3981411979175,819.3981411979175,True,1245
2026-08-15-k-dimension-gsa-det-cbd-moment-v1,1024,714,1334,641,940,1.0028454633001427,-3.3635978290056646e-15,219.44539604751427,820.5061943051589,820.5061943051589,True,1244
2026-08-15-k-dimension-gsa-det-cbd-moment-v1,1024,715,1333,539,882,1.0032260396564172,-7.452221274946694e-08,190.16846106508896,821.6142461509247,821.6142462254469,True,1243
2026-08-15-k-dimension-gsa-det-cbd-moment-v1,1024,716,1332,773,1004,1.0024787705050489,0.0,257.4495746774581,822.7222524894102,822.7222524894102,True,1242
2026-08-15-k-dimension-gsa-det-cbd-moment-v1,1024,717,1331,528,872,1.00327409633735,-1.6725291687232165e-07,186.99868897527034,823.8302117999393,823.8302119671922,True,1241
2026-08-15-k-dimension-gsa-det-cbd-moment-v1,1024,718,1330,758,993,1.0025150889302445,0.0,253.11321053038856,824.938269811735,824.938269811735,True,1240
2026-08-15-k-dimension-gsa-det-cbd-moment-v1,1024,719,1329,627,925,1.0028916871353113,-3.2034265038149186e-15,215.4147142409538,826.0463037769551,826.0463037769551,True,1239
2026-08-15-k-dimension-gsa-det-cbd-moment-v1,1024,720,1328,514,860,1.0033376410927832,-4.008325600339692e-07,182.9923224482919,827.1559961261352,827.1559965269677,True,1238
2026-08-15-k-dimension-gsa-det-cbd-moment-v1,1024,721,1327,627,922,1.0028916871353113,-8.008566259537295e-16,215.41254150704782,828.2639964610556,828.2639964610556,True,1237
2026-08-15-k-dimension-gsa-det-cbd-moment-v1,1024,722,1326,514,857,1.0033376410927832,-2.1442466993111437e-07,182.99014807705757,829.3719149096993,829.3719151241239,True,1236
2026-08-15-k-dimension-gsa-det-cbd-moment-v1,1024,723,1325,521,860,1.0033055256166454,-5.963912661212558e-08,184.99123948558824,830.4800253946271,830.4800254542662,True,1235
2026-08-15-k-dimension-gsa-det-cbd-moment-v1,1024,724,1324,528,862,1.00327409633735,-1.5416324923608492e-08,186.99108152616566,831.5880097189444,831.5880097343606,True,1234
2026-08-15-k-dimension-gsa-det-cbd-moment-v1,1024,725,1323,514,853,1.0033376410927832,-8.003115271822247e-08,182.96612180305684,832.6960098251376,832.6960099051687,True,1233
2026-08-15-k-dimension-gsa-det-cbd-moment-v1,1024,726,1322,513,851,1.0033422864052028,-6.546906175881113e-08,182.67303091828586,833.8040822389913,833.8040823044604,True,1232
2026-08-15-k-dimension-gsa-det-cbd-moment-v1,1024,727,1321,514,850,1.0033376410927832,-4.013488567243237e-08,182.96393920802498,834.9119756958368,834.9119757359716,True,1231
2026-08-15-k-dimension-gsa-det-cbd-moment-v1,1024,728,1320,507,844,1.003370466519458,-7.674235247669165e-08,180.96006933375048,836.0199609018654,836.0199609786077,True,1230
2026-08-15-k-dimension-gsa-det-cbd-moment-v1,1024,729,1319,514,847,1.0033376410927832,-1.9571550153259425e-08,182.96175330602972,837.1279269266216,837.1279269461932,True,1229
2026-08-15-k-dimension-gsa-det-cbd-moment-v1,1024,730,1318,714,953,1.002628843528209,0.0,240.42205965645036,838.2375159626422,838.2375159626422,True,1228
2026-08-15-k-dimension-gsa-det-cbd-moment-v1,1024,731,1317,499,835,1.0034088826014305,-8.498381815227996e-08,178.66086418913653,839.345595350975,839.3455954359589,True,1227
2026-08-15-k-dimension-gsa-det-cbd-moment-v1,1024,732,1316,500,834,1.0034040267850965,-5.19501978965752e-08,178.93186877517755,840.4534396628205,840.4534397147708,True,1226
2026-08-15-k-dimension-gsa-det-cbd-moment-v1,1024,733,1315,491,828,1.0034482975988082,-1.331333886773175e-07,176.36166577467554,841.5615471424026,841.561547275536,True,1225
2026-08-15-k-dimension-gsa-det-cbd-moment-v1,1024,734,1314,1304,1188,1.0016674260059542,0.0,410.9871811789596,842.6695218379691,842.6695218379691,True,1224
2026-08-15-k-dimension-gsa-det-cbd-moment-v1,1024,735,1313,486,822,1.0034734574827184,-1.368999466945514e-07,174.91857871433646,843.7773690472085,843.7773691841085,True,1223
2026-08-15-k-dimension-gsa-det-cbd-moment-v1,1024,736,1312,570,868,1.003098728146979,-2.5627412030519387e-14,198.97891171814274,844.8854226559788,844.8854226559788,True,1222
2026-08-15-k-dimension-gsa-det-cbd-moment-v1,1024,737,1311,486,819,1.0034734574827184,-6.834766932744761e-08,174.91637948366534,845.9933461961604,845.993346264508,True,1221
2026-08-15-k-dimension-gsa-det-cbd-moment-v1,1024,738,1310,570,865,1.003098728146979,-7.528052283965062e-15,198.97671080994948,847.1013049899092,847.1013049899092,True,1220
2026-08-15-k-dimension-gsa-det-cbd-moment-v1,1024,739,1309,685,924,1.0027103512534334,0.0,232.0221768953888,848.2108575190699,848.2108575190699,True,1219
2026-08-15-k-dimension-gsa-det-cbd-moment-v1,1024,740,1308,459,798,1.003616808941751,-1.1066330087293506e-06,167.1905377616358,849.3186951181242,849.3186962247572,True,1218
2026-08-15-k-dimension-gsa-det-cbd-moment-v1,1024,741,1307,1271,1162,1.0017007384877277,0.0,401.3434750444327,850.4267394644711,850.4267394644711,True,1217
2026-08-15-k-dimension-gsa-det-cbd-moment-v1,1024,742,1306,685,919,1.0027103512534334,0.0,232.01886669499,851.5346671023365,851.5346671023365,True,1216
2026-08-15-k-dimension-gsa-det-cbd-moment-v1,1024,743,1305,556,850,1.0031548023281565,-7.688223609155808e-15,194.95981508658483,852.642568137674,852.642568137674,True,1215
2026-08-15-k-dimension-gsa-det-cbd-moment-v1,1024,744,1304,670,908,1.0027547751466057,0.0,227.71065624911844,853.7504849375257,853.7504849375257,True,1214
2026-08-15-k-dimension-gsa-det-cbd-moment-v1,1024,745,1303,459,791,1.003616808941751,-2.1652728939202062e-07,167.1679387913469,854.8583265724419,854.8583267889692,True,1213
2026-08-15-k-dimension-gsa-det-cbd-moment-v1,1024,746,1302,466,794,1.0035783764222912,-5.314187977497252e-08,169.15836373605026,855.9663527109328,855.9663527640747,True,1212
2026-08-15-k-dimension-gsa-det-cbd-moment-v1,1024,747,1301,670,903,1.0027547751466057,0.0,227.70733334160516,857.0742416700514,857.0742416700514,True,1211
2026-08-15-k-dimension-gsa-det-cbd-moment-v1,1024,748,1300,459,787,1.003616808941751,-7.465789134292651e-08,167.14733533926275,858.183732444374,858.1837325190319,True,1210
2026-08-15-k-dimension-gsa-det-cbd-moment-v1,1024,749,1299,656,893,1.0027977355210944,0.0,223.65273772006597,859.2916773732505,859.2916773732505,True,1209
2026-08-15-k-dimension-gsa-det-cbd-moment-v1,1024,750,1298,459,784,1.003616808941751,-3.531136400355424e-08,167.14511409934605,860.3995200516872,860.3995200869986,True,1208
2026-08-15-k-dimension-gsa-det-cbd-moment-v1,1024,751,1297,641,882,1.0028454633001427,0.0,219.3392275189538,861.50747543596,861.50747543596,True,1207
2026-08-15-k-dimension-gsa-det-cbd-moment-v1,1024,752,1296,459,781,1.003616808941751,-1.6159354257513897e-08,167.14288943423153,862.6152930227368,862.6152930388961,True,1206
2026-08-15-k-dimension-gsa-det-cbd-moment-v1,1024,753,1295,432,763,1.003774210775322,-7.204239943678225e-07,159.42189519368193,863.7232190908526,863.7232198112765,True,1205
2026-08-15-k-dimension-gsa-det-cbd-moment-v1,1024,754,1294,542,826,1.0032132066444195,0.0,190.88426495135434,864.8311553275706,864.8311553275706,True,1204
2026-08-15-k-dimension-gsa-det-cbd-moment-v1,1024,755,1293,634,872,1.0028683667270286,0.0,217.29077131451234,865.9390552388833,865.9390552388833,True,1203
2026-08-15-k-dimension-gsa-det-cbd-moment-v1,1024,756,1292,627,867,1.0028916871353113,0.0,215.2788219733312,867.046904795271,867.046904795271,True,1202
2026-08-15-k-dimension-gsa-det-cbd-moment-v1,1024,757,1291,521,810,1.0033055256166454,-3.0432551786241727e-15,184.8662732853072,868.1548504425886,868.1548504425886,True,1201
2026-08-15-k-dimension-gsa-det-cbd-moment-v1,1024,758,1290,432,756,1.003774210775322,-1.2504024856708783e-07,159.41631416141865,869.2641570382223,869.2641571632626,True,1200
2026-08-15-k-dimension-gsa-det-cbd-moment-v1,1024,759,1289,431,754,1.0037803385763218,-1.0094035722494016e-07,159.1231953594697,870.3721058605951,870.3721059615355,True,1199
2026-08-15-k-dimension-gsa-det-cbd-moment-v1,1024,760,1288,432,753,1.003774210775322,-5.868209847397872e-08,159.39847883417164,871.4798098614159,871.479809920098,True,1198
2026-08-15-k-dimension-gsa-det-cbd-moment-v1,1024,761,1287,429,750,1.0037926617310153,-6.511647712200584e-08,158.53695514932872,872.5878401606404,872.587840225757,True,1197
2026-08-15-k-dimension-gsa-det-cbd-moment-v1,1024,762,1286,507,794,1.003370466519458,-3.2034265038149186e-15,180.8387641177857,873.6956850893638,873.6956850893638,True,1196
2026-08-15-k-dimension-gsa-det-cbd-moment-v1,1024,763,1285,392,724,1.004038231277044,-8.161962331527898e-06,147.98596851043135,874.8034573611047,874.8034655230671,True,1195
2026-08-15-k-dimension-gsa-det-cbd-moment-v1,1024,764,1284,500,787,1.0034040267850965,-4.965311080913125e-15,178.83495394390047,875.9113712457336,875.9113712457336,True,1194
2026-08-15-k-dimension-gsa-det-cbd-moment-v1,1024,765,1283,1127,1061,1.0018652759198987,0.0,359.61666037714724,877.0192535021292,877.0192535021292,True,1193
2026-08-15-k-dimension-gsa-det-cbd-moment-v1,1024,766,1282,500,784,1.0034040267850965,-1.1211992763352211e-15,178.81164338786908,878.1270682241502,878.1270682241502,True,1192
2026-08-15-k-dimension-gsa-det-cbd-moment-v1,1024,767,1281,432,743,1.003774210775322,-3.1230776802695955e-09,159.37484940054034,879.2364602954059,879.236460298529,True,1191
2026-08-15-k-dimension-gsa-det-cbd-moment-v1,1024,768,1280,598,833,1.002993012502211,0.0,206.92289059560852,880.3442768338521,880.3442768338521,True,1190
2026-08-15-k-dimension-gsa-det-cbd-moment-v1,1024,769,1279,432,740,1.003774210775322,-1.2347509755321067e-09,159.37259518908033,881.4521025697862,881.452102571021,True,1189
2026-08-15-k-dimension-gsa-det-cbd-moment-v1,1024,770,1278,584,823,1.0030448417814966,0.0,202.89152831072172,882.5599555916783,882.5599555916783,True,1188
2026-08-15-k-dimension-gsa-det-cbd-moment-v1,1024,771,1277,405,721,1.0039479470818917,-7.111843196275508e-08,151.66504333688593,883.6677534570506,883.667753528169,True,1187
2026-08-15-k-dimension-gsa-det-cbd-moment-v1,1024,772,1276,404,719,1.003954730268792,-5.650989307769381e-08,151.37191314094807,884.775624206723,884.7756242632329,True,1186
2026-08-15-k-dimension-gsa-det-cbd-moment-v1,1024,773,1275,392,710,1.004038231277044,-2.8889358656380903e-07,147.9616412452709,885.8832819466434,885.883282235537,True,1185
2026-08-15-k-dimension-gsa-det-cbd-moment-v1,1024,774,1274,397,712,1.0040029596578752,-8.468917792187567e-08,149.38061654865746,886.9912655401769,886.9912656248661,True,1184
2026-08-15-k-dimension-gsa-det-cbd-moment-v1,1024,775,1273,570,807,1.003098728146979,0.0,198.85445642204246,888.0989914275997,888.0989914275997,True,1183
2026-08-15-k-dimension-gsa-det-cbd-moment-v1,1024,776,1272,392,706,1.004038231277044,-9.02000080800262e-08,147.9450672800613,889.2067994957896,889.2067995859896,True,1182
2026-08-15-k-dimension-gsa-det-cbd-moment-v1,1024,777,1271,391,704,1.0040453700319254,-7.165313543094968e-08,147.65193263978188,890.3161696714778,890.316169743131,True,1181
2026-08-15-k-dimension-gsa-det-cbd-moment-v1,1024,778,1270,392,703,1.004038231277044,-3.95912811844332e-08,147.94279710643647,891.4238613020995,891.4238613416908,True,1180
2026-08-15-k-dimension-gsa-det-cbd-moment-v1,1024,779,1269,391,701,1.0040453700319254,-3.1052792389429314e-08,147.64966067861803,892.5317971761255,892.5317972071782,True,1179
2026-08-15-k-dimension-gsa-det-cbd-moment-v1,1024,780,1268,392,700,1.004038231277044,-1.6687350704413644e-08,147.92722653230288,893.6394194585876,893.6394194752748,True,1178
2026-08-15-k-dimension-gsa-det-cbd-moment-v1,1024,781,1267,379,691,1.0041333147866416,-1.1682171304344312e-07,144.23318180426838,894.7472645213886,894.7472646382104,True,1177
2026-08-15-k-dimension-gsa-det-cbd-moment-v1,1024,782,1266,542,782,1.0032132066444195,0.0,190.80295170359307,895.8551001447489,895.8551001447489,True,1176
2026-08-15-k-dimension-gsa-det-cbd-moment-v1,1024,783,1265,379,688,1.0041333147866416,-5.098198307656408e-08,144.21841172052603,896.9627712292827,896.9627712802646,True,1175
2026-08-15-k-dimension-gsa-det-cbd-moment-v1,1024,784,1264,450,729,1.003667611812199,-1.6017132519074593e-15,164.4613327527952,898.0706890518879,898.0706890518879,True,1174
2026-08-15-k-dimension-gsa-det-cbd-moment-v1,1024,785,1263,459,732,1.003616808941751,0.0,167.03441967196466,899.1784027764421,899.1784027764421,True,1173
2026-08-15-k-dimension-gsa-det-cbd-moment-v1,1024,786,1262,366,675,1.0042336096043671,-1.5472472435650074e-07,140.5160107003218,900.2876202792481,900.2876204339728,True,1172
2026-08-15-k-dimension-gsa-det-cbd-moment-v1,1024,787,1261,459,729,1.003616808941751,0.0,167.01375477919046,901.3955000460843,901.3955000460843,True,1171
2026-08-15-k-dimension-gsa-det-cbd-moment-v1,1024,788,1260,432,712,1.003774210775322,-1.4095076616785655e-14,159.30263963702458,902.5032163115071,902.5032163115071,True,1170
2026-08-15-k-dimension-gsa-det-cbd-moment-v1,1024,789,1259,1255,1053,1.001717426476647,0.0,396.6174941863563,903.6108829386787,903.6108829386787,True,1169
2026-08-15-k-dimension-gsa-det-cbd-moment-v1,1024,790,1258,1255,1051,1.001717426476647,0.0,396.6163478255165,904.7186818278154,904.7186818278154,True,1168
2026-08-15-k-dimension-gsa-det-cbd-moment-v1,1024,791,1257,327,643,1.0045706747150396,-1.545947501160573e-05,129.43715677711316,905.8263840194097,905.8263994788847,True,1167
2026-08-15-k-dimension-gsa-det-cbd-moment-v1,1024,792,1256,1244,1043,1.0017291113632918,0.0,393.4020523675289,906.9341896251074,906.9341896251074,True,1166
2026-08-15-k-dimension-gsa-det-cbd-moment-v1,1024,793,1255,1255,1044,1.001717426476647,0.0,396.6129032674754,908.0419255706554,908.0419255706554,True,1165
2026-08-15-k-dimension-gsa-det-cbd-moment-v1,1024,794,1254,1231,1034,1.001743149760138,0.0,389.6037532514393,909.1496260231264,909.1496260231264,True,1164
2026-08-15-k-dimension-gsa-det-cbd-moment-v1,1024,795,1253,1223,1030,1.0017519149230962,0.0,387.2666023179591,910.2573228224281,910.2573228224281,True,1163
2026-08-15-k-dimension-gsa-det-cbd-moment-v1,1024,796,1252,1207,1022,1.0017697413918987,0.0,382.7189813476537,911.3666083130738,911.3666083130738,True,1162
2026-08-15-k-dimension-gsa-det-cbd-moment-v1,1024,797,1251,1211,1021,1.0017652472167864,0.0,383.7602976928031,912.474343992718,912.474343992718,True,1161
2026-08-15-k-dimension-gsa-det-cbd-moment-v1,1024,798,1250,1199,1015,1.0017788061852333,0.0,380.3806748802706,913.5820645170736,913.5820645170736,True,1160
2026-08-15-k-dimension-gsa-det-cbd-moment-v1,1024,799,1249,340,640,1.0044517371368327,-8.110233394590807e-08,133.08549883433145,914.6897745441419,914.6897746252442,True,1159
2026-08-15-k-dimension-gsa-det-cbd-moment-v1,1024,800,1248,1191,1008,1.0017879744131626,0.0,378.04236471958336,915.7973856874404,915.7973856874404,True,1158
2026-08-15-k-dimension-gsa-det-cbd-moment-v1,1024,801,1247,1175,1001,1.0018066286228426,0.0,373.36920825055074,916.9051303338313,916.9051303338313,True,1157
2026-08-15-k-dimension-gsa-det-cbd-moment-v1,1024,802,1246,1174,998,1.0018078088423648,0.0,373.07605085374513,918.0128841764313,918.0128841764313,True,1156
2026-08-15-k-dimension-gsa-det-cbd-moment-v1,1024,803,1245,1168,994,1.0018149261813607,0.0,371.3228925276766,919.1206431700567,919.1206431700567,True,1155
2026-08-15-k-dimension-gsa-det-cbd-moment-v1,1024,804,1244,327,625,1.0045706747150396,-1.1523972029311393e-07,129.38393929059276,920.2282821689422,920.2282822841819,True,1154
2026-08-15-k-dimension-gsa-det-cbd-moment-v1,1024,805,1243,584,764,1.0030448417814966,0.0,202.7621994327301,921.3374842109821,921.3374842109821,True,1153
2026-08-15-k-dimension-gsa-det-cbd-moment-v1,1024,806,1242,327,622,1.0045706747150396,-4.617925532797979e-08,129.38161797868264,922.4450478833311,922.4450479295103,True,1152
2026-08-15-k-dimension-gsa-det-cbd-moment-v1,1024,807,1241,1143,977,1.001845262829795,0.0,364.1337271182714,923.5527976950528,923.5527976950528,True,1151
2026-08-15-k-dimension-gsa-det-cbd-moment-v1,1024,808,1240,1127,969,1.0018652759198987,0.0,359.46056412341534,924.6605151596169,924.6605151596169,True,1150
2026-08-15-k-dimension-gsa-det-cbd-moment-v1,1024,809,1239,314,610,1.0046970538042321,-1.6863354275139624e-07,125.68488856702794,925.7681599419979,925.7681601106314,True,1149
2026-08-15-k-dimension-gsa-det-cbd-moment-v1,1024,810,1238,1119,962,1.0018754641186924,0.0,357.1222353173553,926.8758796344299,926.8758796344299,True,1148
2026-08-15-k-dimension-gsa-det-cbd-moment-v1,1024,811,1237,459,691,1.003616808941751,0.0,166.92944847547224,927.983472321505,927.983472321505,True,1147
2026-08-15-k-dimension-gsa-det-cbd-moment-v1,1024,812,1236,366,637,1.0042336096043671,-4.324625780150156e-14,140.4261060772662,929.0912500733629,929.0912500733629,True,1146
2026-08-15-k-dimension-gsa-det-cbd-moment-v1,1024,813,1235,1096,948,1.0019054551760271,0.0,350.5096502485296,930.198901002344,930.198901002344,True,1145
2026-08-15-k-dimension-gsa-det-cbd-moment-v1,1024,814,1234,289,586,1.0049638725170873,-2.6372944027860215e-06,118.61171553082704,931.3064787755375,931.3064814128319,True,1144
2026-08-15-k-dimension-gsa-det-cbd-moment-v1,1024,815,1233,327,609,1.0045706747150396,-3.8096092995232736e-10,129.34178164328284,932.4156787090661,932.4156787094471,True,1143
2026-08-15-k-dimension-gsa-det-cbd-moment-v1,1024,816,1232,366,631,1.0042336096043671,-1.2813706015259675e-15,140.40915126027832,933.5232816699098,933.5232816699098,True,1142
2026-08-15-k-dimension-gsa-det-cbd-moment-v1,1024,817,1231,327,606,1.0045706747150396,-1.1017240449144815e-10,129.33943960536448,934.6309509997601,934.6309509998703,True,1141
2026-08-15-k-dimension-gsa-det-cbd-moment-v1,1024,818,1230,432,665,1.003774210775322,0.0,159.20076002300536,935.7385475784564,935.7385475784564,True,1140
2026-08-15-k-dimension-gsa-det-cbd-moment-v1,1024,819,1229,289,579,1.0049638725170873,-3.224225677211045e-07,118.5904280114807,936.8461419504134,936.846142272836,True,1139
2026-08-15-k-dimension-gsa-det-cbd-moment-v1,1024,820,1228,1048,916,1.0019716116597392,0.0,336.58498544097864,937.9538490281454,937.9538490281454,True,1138
2026-08-15-k-dimension-gsa-det-cbd-moment-v1,1024,821,1227,353,616,1.0043395773659929,-1.2813706015259673e-15,136.69111584404976,939.0615230209513,939.0615230209513,True,1137
2026-08-15-k-dimension-gsa-det-cbd-moment-v1,1024,822,1226,289,575,1.0049638725170873,-7.841167561108108e-08,118.57912472420708,940.1691325908491,940.1691326692608,True,1136
2026-08-15-k-dimension-gsa-det-cbd-moment-v1,1024,823,1225,353,613,1.0043395773659929,-1.6017132519074588e-16,136.6887623442768,941.2767490305697,941.2767490305697,True,1135
2026-08-15-k-dimension-gsa-det-cbd-moment-v1,1024,824,1224,252,547,1.00542910033462,-4.9485187907868706e-05,108.16025107996722,942.3857090287604,942.3857585139483,True,1134
2026-08-15-k-dimension-gsa-det-cbd-moment-v1,1024,825,1223,1017,894,1.0020171250638394,0.0,327.5270992841359,943.4933447392557,943.4933447392557,True,1133
2026-08-15-k-dimension-gsa-det-cbd-moment-v1,1024,826,1222,289,569,1.0049638725170873,-9.703738845372383e-09,118.56659052587574,944.6009603512942,944.600960360998,True,1132
2026-08-15-k-dimension-gsa-det-cbd-moment-v1,1024,827,1221,264,551,1.0052676834200276,-1.6856870922165283e-06,111.52320719851207,945.7086352076207,945.7086368933077,True,1131
2026-08-15-k-dimension-gsa-det-cbd-moment-v1,1024,828,1220,997,881,1.002047750110351,0.0,321.7766654324502,946.8163138234231,946.8163138234231,True,1130
2026-08-15-k-dimension-gsa-det-cbd-moment-v1,1024,829,1219,991,877,1.0020571402686096,0.0,320.02348241062015,947.9238768956748,947.9238768956748,True,1129
2026-08-15-k-dimension-gsa-det-cbd-moment-v1,1024,830,1218,340,595,1.0044517371368327,0.0,132.9746925372648,949.0314627475734,949.0314627475734,True,1128
2026-08-15-k-dimension-gsa-det-cbd-moment-v1,1024,831,1217,978,868,1.0020778176440153,0.0,316.2251134527137,950.1390556609784,950.1390556609784,True,1127
2026-08-15-k-dimension-gsa-det-cbd-moment-v1,1024,832,1216,264,544,1.0052676834200276,-1.6837079355722278e-07,111.5041118382205,951.2465937538533,951.2465939222241,True,1126
2026-08-15-k-dimension-gsa-det-cbd-moment-v1,1024,833,1215,955,856,1.0021155564319801,0.0,309.5942034397434,952.3542658291603,952.3542658291603,True,1125
2026-08-15-k-dimension-gsa-det-cbd-moment-v1,1024,834,1214,264,541,1.0052676834200276,-6.041510199208355e-08,111.49510393870017,953.4632562640962,953.4632563245113,True,1124
2026-08-15-k-dimension-gsa-det-cbd-moment-v1,1024,835,1213,392,616,1.004038231277044,0.0,147.73772045520013,954.5707687438993,954.5707687438993,True,1123
2026-08-15-k-dimension-gsa-det-cbd-moment-v1,1024,836,1212,955,849,1.0021155564319801,0.0,309.5906368247232,955.6783566557482,955.6783566557482,True,1122
2026-08-15-k-dimension-gsa-det-cbd-moment-v1,1024,837,1211,252,529,1.00542910033462,-2.31842232166206e-07,108.11472639859258,956.785880414789,956.7858806466312,True,1121
2026-08-15-k-dimension-gsa-det-cbd-moment-v1,1024,838,1210,924,834,1.0021689057073238,0.0,300.61871633360425,957.8934886036506,957.8934886036506,True,1120
2026-08-15-k-dimension-gsa-det-cbd-moment-v1,1024,839,1209,289,550,1.0049638725170873,-1.3965337843383e-12,118.5194516255788,959.001081846018,959.0010818460194,True,1119
2026-08-15-k-dimension-gsa-det-cbd-moment-v1,1024,840,1208,252,524,1.00542910033462,-4.792130191791663e-08,108.1050477886869,960.1086617385208,960.1086617864421,True,1118
2026-08-15-k-dimension-gsa-det-cbd-moment-v1,1024,841,1207,289,547,1.0049638725170873,-2.519494945250497e-13,118.50902573801926,961.216167361408,961.2161673614082,True,1117
2026-08-15-k-dimension-gsa-det-cbd-moment-v1,1024,842,1206,252,522,1.00542910033462,-1.533824813604463e-08,108.09653113846508,962.3237396262646,962.3237396416029,True,1116
2026-08-15-k-dimension-gsa-det-cbd-moment-v1,1024,843,1205,289,544,1.0049638725170873,-4.0523345273258885e-14,118.4985508620837,963.432645982623,963.432645982623,True,1115
2026-08-15-k-dimension-gsa-det-cbd-moment-v1,1024,844,1204,252,519,1.00542910033462,-4.549137768072898e-09,108.0879843963431,964.5402091908447,964.5402091953939,True,1114
2026-08-15-k-dimension-gsa-det-cbd-moment-v1,1024,845,1203,289,541,1.0049638725170873,-5.766167706866855e-15,118.49615435814246,965.6476980954156,965.6476980954156,True,1113
2026-08-15-k-dimension-gsa-det-cbd-moment-v1,1024,846,1202,252,516,1.00542910033462,-1.2421414406845499e-09,108.07940732536545,966.7553197604707,966.7553197617128,True,1112
2026-08-15-k-dimension-gsa-det-cbd-moment-v1,1024,847,1201,289,538,1.0049638725170873,-6.406853007629835e-16,118.48562598578863,967.8627674744895,967.8627674744895,True,1111
2026-08-15-k-dimension-gsa-det-cbd-moment-v1,1024,848,1200,865,791,1.002279210365134,0.0,283.5307467853832,968.9704322483589,968.9704322483589,True,1110
2026-08-15-k-dimension-gsa-det-cbd-moment-v1,1024,849,1199,863,788,1.0022831695822485,0.0,282.94554403830153,970.077881695475,970.077881695475,True,1109
2026-08-15-k-dimension-gsa-det-cbd-moment-v1,1024,850,1198,848,781,1.0023133594158213,0.0,278.6347296155675,971.1853656107119,971.1853656107119,True,1108
2026-08-15-k-dimension-gsa-det-cbd-moment-v1,1024,851,1197,340,562,1.0044517371368327,0.0,132.89389212371566,972.2929168104201,972.2929168104201,True,1107
2026-08-15-k-dimension-gsa-det-cbd-moment-v1,1024,852,1196,228,491,1.0057882785282344,-3.113267465493928e-08,101.33955302659689,973.4004181507256,973.4004181818583,True,1106
2026-08-15-k-dimension-gsa-det-cbd-moment-v1,1024,853,1195,835,770,1.0023402535510704,0.0,274.83511232564683,974.5094019751244,974.5094019751244,True,1105
2026-08-15-k-dimension-gsa-det-cbd-moment-v1,1024,854,1194,340,557,1.0044517371368327,0.0,132.89027180803697,975.6168603970074,975.6168603970074,True,1104
2026-08-15-k-dimension-gsa-det-cbd-moment-v1,1024,855,1193,216,479,1.0059889942880431,-1.527588431163141e-07,97.97778054655748,976.7242878814808,976.7242880342396,True,1103
2026-08-15-k-dimension-gsa-det-cbd-moment-v1,1024,856,1192,327,546,1.0045706747150396,0.0,129.1906313617125,977.8318020370988,977.8318020370988,True,1102
2026-08-15-k-dimension-gsa-det-cbd-moment-v1,1024,857,1191,803,750,1.002409526947942,0.0,265.61751965392114,978.9393326920662,978.9393326920662,True,1101
2026-08-15-k-dimension-gsa-det-cbd-moment-v1,1024,858,1190,314,536,1.0046970538042321,0.0,125.50441820303166,980.0468343912372,980.0468343912372,True,1100
2026-08-15-k-dimension-gsa-det-cbd-moment-v1,1024,859,1189,327,541,1.0045706747150396,0.0,129.186995840996,981.1542919306942,981.1542919306942,True,1099
2026-08-15-k-dimension-gsa-det-cbd-moment-v1,1024,860,1188,204,463,1.006206182893998,-2.4652314769999294e-07,94.62111097337902,982.2616965650265,982.2616968115497,True,1098
2026-08-15-k-dimension-gsa-det-cbd-moment-v1,1024,861,1187,788,735,1.002443601805116,0.0,261.29406672036305,983.369225114928,983.369225114928,True,1097
2026-08-15-k-dimension-gsa-det-cbd-moment-v1,1024,862,1186,773,728,1.0024787705050489,0.0,256.9717444843207,984.4780362337583,984.4780362337583,True,1096
2026-08-15-k-dimension-gsa-det-cbd-moment-v1,1024,863,1185,758,720,1.0025150889302445,0.0,252.59052753356033,985.5855774194997,985.5855774194997,True,1095
2026-08-15-k-dimension-gsa-det-cbd-moment-v1,1024,864,1184,240,481,1.0056021768440724,-2.2263814201513735e-14,104.64945529769702,986.6930001326842,986.6930001326842,True,1094
2026-08-15-k-dimension-gsa-det-cbd-moment-v1,1024,865,1183,192,448,1.0064420309041817,-4.1853122186233006e-07,91.27214720052692,987.8004511027048,987.800451521236,True,1093
2026-08-15-k-dimension-gsa-det-cbd-moment-v1,1024,866,1182,240,478,1.0056021768440724,-2.402569877861189e-15,104.64121063056442,988.9078849132003,988.9078849132003,True,1092
2026-08-15-k-dimension-gsa-det-cbd-moment-v1,1024,867,1181,204,453,1.006206182893998,-2.703808574588417e-09,94.59585801556997,990.0153568778599,990.0153568805637,True,1091
2026-08-15-k-dimension-gsa-det-cbd-moment-v1,1024,868,1180,289,505,1.0049638725170873,0.0,118.41042365913509,991.1227458818121,991.1227458818121,True,1090
2026-08-15-k-dimension-gsa-det-cbd-moment-v1,1024,869,1179,728,696,1.002591418664967,0.0,243.93423550514322,992.2302715146668,992.2302715146668,True,1089
2026-08-15-k-dimension-gsa-det-cbd-moment-v1,1024,870,1178,169,424,1.0069560748177107,-1.4184435863870107e-05,84.90432013421733,993.337596617791,993.3376108022268,True,1088
2026-08-15-k-dimension-gsa-det-cbd-moment-v1,1024,871,1177,432,573,1.003774210775322,0.0,158.99282611848204,994.4452108407332,994.4452108407332,True,1087
2026-08-15-k-dimension-gsa-det-cbd-moment-v1,1024,872,1176,192,438,1.0064420309041817,-4.491247526745946e-09,91.2448729267613,995.5539277406009,995.5539277450921,True,1086
2026-08-15-k-dimension-gsa-det-cbd-moment-v1,1024,873,1175,169,420,1.0069560748177107,-3.184871318554041e-06,84.89188887783027,996.6613534266703,996.6613566115416,True,1085
2026-08-15-k-dimension-gsa-det-cbd-moment-v1,1024,874,1174,699,675,1.0026703077724055,0.0,235.5631976882376,997.7687556217192,997.7687556217192,True,1084
2026-08-15-k-dimension-gsa-det-cbd-moment-v1,1024,875,1173,685,668,1.0027103512534334,0.0,231.522877893637,998.8762104727574,998.8762104727574,True,1083
2026-08-15-k-dimension-gsa-det-cbd-moment-v1,1024,876,1172,684,665,1.0027132630023499,0.0,231.22964745003074,999.9836772133734,999.9836772133734,True,1082
2026-08-15-k-dimension-gsa-det-cbd-moment-v1,1024,877,1171,264,476,1.0052676834200276,0.0,111.33257705168015,1001.0910561695132,1001.0910561695132,True,1081
2026-08-15-k-dimension-gsa-det-cbd-moment-v1,1024,878,1170,169,413,1.0069560748177107,-1.7239138146407279e-07,84.873983469423,1002.1983939956518,1002.1983941680433,True,1080
2026-08-15-k-dimension-gsa-det-cbd-moment-v1,1024,879,1169,666,652,1.002766898346282,0.0,226.06305921453165,1003.3059091372712,1003.3059091372712,True,1079
2026-08-15-k-dimension-gsa-det-cbd-moment-v1,1024,880,1168,169,410,1.0069560748177107,-4.5087192387186404e-08,84.86560252096237,1004.413063755651,1004.4130638007382,True,1078
2026-08-15-k-dimension-gsa-det-cbd-moment-v1,1024,881,1167,655,643,1.0028008616293524,0.0,222.89298296506578,1005.5220068469023,1005.5220068469023,True,1077
2026-08-15-k-dimension-gsa-det-cbd-moment-v1,1024,882,1166,252,461,1.00542910033462,0.0,107.94613913280165,1006.6293405399795,1006.6293405399795,True,1076
2026-08-15-k-dimension-gsa-det-cbd-moment-v1,1024,883,1165,158,398,1.0072362625995437,-2.514932875061124e-07,81.83585640559082,1007.7367945636614,1007.7367948151547,True,1075
2026-08-15-k-dimension-gsa-det-cbd-moment-v1,1024,884,1164,198,424,1.006321623148476,-1.7618845770982052e-15,92.86030696154558,1008.8441581259211,1008.8441581259211,True,1074
2026-08-15-k-dimension-gsa-det-cbd-moment-v1,1024,885,1163,252,456,1.00542910033462,0.0,107.9291866139177,1009.951515109396,1009.951515109396,True,1073
2026-08-15-k-dimension-gsa-det-cbd-moment-v1,1024,886,1162,627,622,1.0028916871353113,0.0,214.79567737034947,1011.058877392001,1011.058877392001,True,1072
2026-08-15-k-dimension-gsa-det-cbd-moment-v1,1024,887,1161,240,445,1.0056021768440724,0.0,104.56201906484631,1012.1662391930072,1012.1662391930072,True,1071
2026-08-15-k-dimension-gsa-det-cbd-moment-v1,1024,888,1160,135,374,1.0079125300646745,-1.663512537853353e-05,75.55449794169257,1013.2735355507959,1013.2735521859213,True,1070
2026-08-15-k-dimension-gsa-det-cbd-moment-v1,1024,889,1159,169,397,1.0069560748177107,-2.1616882219123552e-11,84.83054669674266,1014.3809648938909,1014.3809648939125,True,1069
2026-08-15-k-dimension-gsa-det-cbd-moment-v1,1024,890,1158,289,468,1.0049638725170873,0.0,118.32297154260732,1015.4896615101101,1015.4896615101101,True,1068
2026-08-15-k-dimension-gsa-det-cbd-moment-v1,1024,891,1157,169,394,1.0069560748177107,-2.538555332948952e-12,84.82201860511299,1016.5969855022158,1016.5969855022183,True,1067
2026-08-15-k-dimension-gsa-det-cbd-moment-v1,1024,892,1156,181,401,1.006676817381662,-6.406853007629835e-16,88.12736540064176,1017.7044491321246,1017.7044491321246,True,1066
2026-08-15-k-dimension-gsa-det-cbd-moment-v1,1024,893,1155,124,358,1.0082882624056613,-2.9141567019499913e-05,72.56794676395188,1018.8116123409642,1018.8116414825312,True,1065
2026-08-15-k-dimension-gsa-det-cbd-moment-v1,1024,894,1154,570,583,1.003098728146979,0.0,198.40474493142423,1019.9191080797074,1019.9191080797074,True,1064
2026-08-15-k-dimension-gsa-det-cbd-moment-v1,1024,895,1153,169,388,1.0069560748177107,-1.9060387697698813e-14,84.80792004655004,1021.0262958433318,1021.0262958433318,True,1063
2026-08-15-k-dimension-gsa-det-cbd-moment-v1,1024,896,1152,135,362,1.0079125300646745,-1.112111884264863e-07,75.52325473374813,1022.1337188313167,1022.1337189425279,True,1062
2026-08-15-k-dimension-gsa-det-cbd-moment-v1,1024,897,1151,169,385,1.0069560748177107,-1.1211992763352215e-15,84.79931516749406,1023.2409266955988,1023.2409266955988,True,1061
2026-08-15-k-dimension-gsa-det-cbd-moment-v1,1024,898,1150,135,360,1.0079125300646745,-2.325089983859424e-08,75.51489515189212,1024.3482718462744,1024.3482718695254,True,1060
2026-08-15-k-dimension-gsa-det-cbd-moment-v1,1024,899,1149,169,382,1.0069560748177107,0.0,84.7906800292111,1025.4556464402376,1025.4556464402376,True,1059
2026-08-15-k-dimension-gsa-det-cbd-moment-v1,1024,900,1148,528,554,1.00327409633735,0.0,186.35561677079087,1026.5643919703004,1026.5643919703004,True,1058
2026-08-15-k-dimension-gsa-det-cbd-moment-v1,1024,901,1147,124,347,1.0082882624056613,-1.9270575138747139e-07,72.53652126675192,1027.6716178023294,1027.6716179950351,True,1057
2026-08-15-k-dimension-gsa-det-cbd-moment-v1,1024,902,1146,125,346,1.008252498823006,-5.8854949458075544e-08,72.80217193853017,1028.7790204453795,1028.7790205042345,True,1056
2026-08-15-k-dimension-gsa-det-cbd-moment-v1,1024,903,1145,124,344,1.0082882624056613,-3.9651624206576754e-08,72.52902006620613,1029.8860919367605,1029.8860919764122,True,1055
2026-08-15-k-dimension-gsa-det-cbd-moment-v1,1024,904,1144,123,342,1.0083243641625181,-2.638505162181936e-08,72.25559069192178,1030.9936307501735,1030.9936307765586,True,1054
2026-08-15-k-dimension-gsa-det-cbd-moment-v1,1024,905,1143,500,532,1.0034040267850965,0.0,178.31349719037794,1032.1009028583178,1032.1009028583178,True,1053
2026-08-15-k-dimension-gsa-det-cbd-moment-v1,1024,906,1142,113,332,1.008704975182247,-3.572419936546155e-07,69.57293766372072,1033.2080839040163,1033.2080842612584,True,1052
2026-08-15-k-dimension-gsa-det-cbd-moment-v1,1024,907,1141,135,346,1.0079125300646745,-2.262740310970399e-12,75.47990881428441,1034.3154804737385,1034.3154804737408,True,1051
2026-08-15-k-dimension-gsa-det-cbd-moment-v1,1024,908,1140,169,368,1.0069560748177107,0.0,84.75768649231233,1035.422733389755,1035.422733389755,True,1050
2026-08-15-k-dimension-gsa-det-cbd-moment-v1,1024,909,1139,135,344,1.0079125300646745,-1.5472550013426424e-13,75.47140386865922,1036.531325602946,1036.5313256029463,True,1049
2026-08-15-k-dimension-gsa-det-cbd-moment-v1,1024,910,1138,124,334,1.0082882624056613,-3.77708010500488e-11,72.50175182870773,1037.6385956749702,1037.638595675008,True,1048
2026-08-15-k-dimension-gsa-det-cbd-moment-v1,1024,911,1137,102,316,1.009168815337948,-7.058191420382602e-07,66.6365127338748,1038.7457593546521,1038.7457600604712,True,1047
2026-08-15-k-dimension-gsa-det-cbd-moment-v1,1024,912,1136,124,331,1.0082882624056613,-3.1231806698957904e-12,72.49245673973051,1039.853099430506,1039.8530994305092,True,1046
2026-08-15-k-dimension-gsa-det-cbd-moment-v1,1024,913,1135,169,360,1.0069560748177107,0.0,84.73568037027522,1040.9603115142975,1040.9603115142975,True,1045
2026-08-15-k-dimension-gsa-det-cbd-moment-v1,1024,914,1134,124,328,1.0082882624056613,-1.9524884540752534e-13,72.48482566849526,1042.0675865784322,1042.0675865784324,True,1044
2026-08-15-k-dimension-gsa-det-cbd-moment-v1,1024,915,1133,113,319,1.008704975182247,-6.10052534825418e-11,69.53628558267937,1043.1748359282321,1043.174835928293,True,1043
2026-08-15-k-dimension-gsa-det-cbd-moment-v1,1024,916,1132,124,325,1.0082882624056613,-8.809422885491037e-15,72.47717209595183,1044.2820570680867,1044.2820570680867,True,1042
2026-08-15-k-dimension-gsa-det-cbd-moment-v1,1024,917,1131,113,316,1.008704975182247,-4.700067366400593e-12,69.52948717784732,1045.3892980823584,1045.3892980823632,True,1041
2026-08-15-k-dimension-gsa-det-cbd-moment-v1,1024,918,1130,102,306,1.009168815337948,-1.1197224968796368e-09,66.608037084258,1046.4965349255879,1046.4965349267077,True,1040
2026-08-15-k-dimension-gsa-det-cbd-moment-v1,1024,919,1129,91,297,1.0096862317631068,-1.2316411280167803e-07,63.721084592750906,1047.6051406951187,1047.6051408182827,True,1039
2026-08-15-k-dimension-gsa-det-cbd-moment-v1,1024,920,1128,135,327,1.0079125300646745,0.0,75.42715690248178,1048.7123731105767,1048.7123731105767,True,1038
2026-08-15-k-dimension-gsa-det-cbd-moment-v1,1024,921,1127,91,294,1.0096862317631068,-1.8456853215763214e-08,63.712970665190184,1049.819531084968,1049.8195311034249,True,1037
2026-08-15-k-dimension-gsa-det-cbd-moment-v1,1024,922,1126,169,345,1.0069560748177107,0.0,84.69877230329726,1050.9268644448528,1050.9268644448528,True,1036
2026-08-15-k-dimension-gsa-det-cbd-moment-v1,1024,923,1125,113,307,1.008704975182247,-1.6017132519074588e-16,69.50468907217069,1052.033916539561,1052.033916539561,True,1035
2026-08-15-k-dimension-gsa-det-cbd-moment-v1,1024,924,1124,392,448,1.004038231277044,0.0,147.3907437429997,1053.1412615057202,1053.1412615057202,True,1034
2026-08-15-k-dimension-gsa-det-cbd-moment-v1,1024,925,1123,113,304,1.008704975182247,0.0,69.4963684712366,1054.2484184213802,1054.2484184213802,True,1033
2026-08-15-k-dimension-gsa-det-cbd-moment-v1,1024,926,1122,107,298,1.008951722908338,-1.6017132519074588e-16,67.89868495541646,1055.3557658489344,1055.3557658489344,True,1032
2026-08-15-k-dimension-gsa-det-cbd-moment-v1,1024,927,1121,124,308,1.0082882624056613,0.0,72.43205752030474,1056.462884770645,1056.462884770645,True,1031
2026-08-15-k-dimension-gsa-det-cbd-moment-v1,1024,928,1120,216,361,1.0059889942880431,0.0,97.6940401578648,1057.5714093626623,1057.5714093626623,True,1030
2026-08-15-k-dimension-gsa-det-cbd-moment-v1,1024,929,1119,169,333,1.0069560748177107,0.0,84.67365584683014,1058.6785654147438,1058.6785654147438,True,1029
2026-08-15-k-dimension-gsa-det-cbd-moment-v1,1024,930,1118,91,281,1.0096862317631068,-1.1788609534039153e-13,63.67707716420399,1059.785791734743,1059.7857917347433,True,1028
2026-08-15-k-dimension-gsa-det-cbd-moment-v1,1024,931,1117,353,417,1.0043395773659929,0.0,136.2738388124548,1060.892981013002,1060.892981013002,True,1027
2026-08-15-k-dimension-gsa-det-cbd-moment-v1,1024,932,1116,113,293,1.008704975182247,0.0,69.46848854341386,1062.000048032635,1062.000048032635,True,1026
2026-08-15-k-dimension-gsa-det-cbd-moment-v1,1024,933,1115,94,278,1.0095394531447726,0.0,64.44757419874713,1063.107354202533,1063.107354202533,True,1025
2026-08-15-k-dimension-gsa-det-cbd-moment-v1,1024,934,1114,192,337,1.0064420309041817,0.0,90.99916144636421,1064.2144678478462,1064.2144678478462,True,1024
2026-08-15-k-dimension-gsa-det-cbd-moment-v1,1024,935,1113,340,403,1.0044517371368327,0.0,132.56842220211888,1065.3216336254143,1065.3216336254143,True,1023
2026-08-15-k-dimension-gsa-det-cbd-moment-v1,1024,936,1112,327,395,1.0045706747150396,0.0,128.88558412208533,1066.4287494889404,1066.4287494889404,True,1022
2026-08-15-k-dimension-gsa-det-cbd-moment-v1,1024,937,1111,113,285,1.008704975182247,0.0,69.44880815099279,1067.535912964147,1067.535912964147,True,1021
2026-08-15-k-dimension-gsa-det-cbd-moment-v1,1024,938,1110,124,290,1.0082882624056613,0.0,72.38790206545474,1068.6444343580083,1068.6444343580083,True,1020
2026-08-15-k-dimension-gsa-det-cbd-moment-v1,1024,939,1109,102,274,1.009168815337948,0.0,66.52304532435981,1069.7514722158264,1069.7514722158264,True,1019
2026-08-15-k-dimension-gsa-det-cbd-moment-v1,1024,940,1108,169,313,1.0069560748177107,0.0,84.62661375678528,1070.8586470540117,1070.8586470540117,True,1018
2026-08-15-k-dimension-gsa-det-cbd-moment-v1,1024,941,1107,228,341,1.0057882785282344,0.0,100.9893063147623,1071.965828445016,1071.965828445016,True,1017
2026-08-15-k-dimension-gsa-det-cbd-moment-v1,1024,942,1106,124,283,1.0082882624056613,0.0,72.37198064323668,1073.0728670138233,1073.0728670138233,True,1016
2026-08-15-k-dimension-gsa-det-cbd-moment-v1,1024,943,1105,289,364,1.0049638725170873,0.0,118.10728401990772,1074.180088863224,1074.180088863224,True,1015
2026-08-15-k-dimension-gsa-det-cbd-moment-v1,1024,944,1104,91,259,1.0096862317631068,0.0,63.619683267886195,1075.2871968734848,1075.2871968734848,True,1014
2026-08-15-k-dimension-gsa-det-cbd-moment-v1,1024,945,1103,102,264,1.009168815337948,0.0,66.49823139576891,1076.3943337793028,1076.3943337793028,True,1013
2026-08-15-k-dimension-gsa-det-cbd-moment-v1,1024,946,1102,124,276,1.0082882624056613,0.0,72.35596020149913,1077.501417328893,1077.501417328893,True,1012
2026-08-15-k-dimension-gsa-det-cbd-moment-v1,1024,947,1101,113,268,1.008704975182247,0.0,69.40748934917289,1078.6097170658686,1078.6097170658686,True,1011
2026-08-15-k-dimension-gsa-det-cbd-moment-v1,1024,948,1100,264,342,1.0052676834200276,0.0,111.0507194270493,1079.716899647844,1079.716899647844,True,1010
2026-08-15-k-dimension-gsa-det-cbd-moment-v1,1024,949,1099,252,335,1.00542910033462,0.0,107.67843270821731,1080.8240426580692,1080.8240426580692,True,1009
2026-08-15-k-dimension-gsa-det-cbd-moment-v1,1024,950,1098,251,332,1.005443060531353,0.0,107.39257518119234,1081.9312004357512,1081.9312004357512,True,1008
2026-08-15-k-dimension-gsa-det-cbd-moment-v1,1024,951,1097,135,274,1.0079125300646745,0.0,75.30089076158777,1083.0382244016653,1083.0382244016653,True,1007
2026-08-15-k-dimension-gsa-det-cbd-moment-v1,1024,952,1096,102,252,1.009168815337948,0.0,66.46938415616103,1084.1452629528355,1084.1452629528355,True,1006
2026-08-15-k-dimension-gsa-det-cbd-moment-v1,1024,953,1095,91,244,1.0096862317631068,0.0,63.58244275044097,1085.2523832195425,1085.2523832195425,True,1005
2026-08-15-k-dimension-gsa-det-cbd-moment-v1,1024,954,1094,232,315,1.00572470437417,0.0,102.05317821400959,1086.359557616446,1086.359557616446,True,1004
2026-08-15-k-dimension-gsa-det-cbd-moment-v1,1024,955,1093,216,306,1.0059889942880431,0.0,97.58288597335846,1087.4665687767015,1087.4665687767015,True,1003
2026-08-15-k-dimension-gsa-det-cbd-moment-v1,1024,956,1092,113,252,1.008704975182247,0.0,69.36987110159495,1088.5736978277994,1088.5736978277994,True,1002
2026-08-15-k-dimension-gsa-det-cbd-moment-v1,1024,957,1091,113,250,1.008704975182247,0.0,69.36548629905214,1089.6819253580854,1089.6819253580854,True,1001
2026-08-15-k-dimension-gsa-det-cbd-moment-v1,1024,958,1090,146,266,1.0075723347029661,0.0,78.25910353174451,1090.7890715761891,1090.7890715761891,True,1000
2026-08-15-k-dimension-gsa-det-cbd-moment-v1,1024,959,1089,216,297,1.0059889942880431,0.0,97.56641278791079,1091.896108523531,1091.896108523531,True,999
2026-08-15-k-dimension-gsa-det-cbd-moment-v1,1024,960,1088,204,289,1.006206182893998,0.0,94.22036976792603,1093.0031147041125,1093.0031147041125,True,998
2026-08-15-k-dimension-gsa-det-cbd-moment-v1,1024,961,1087,192,282,1.0064420309041817,0.0,90.88998622791192,1094.1101602828778,1094.1101602828778,True,997
2026-08-15-k-dimension-gsa-det-cbd-moment-v1,1024,962,1086,124,246,1.0082882624056613,0.0,72.28899814394876,1095.217246904296,1095.217246904296,True,996
2026-08-15-k-dimension-gsa-det-cbd-moment-v1,1024,963,1085,124,244,1.0082882624056613,0.0,72.28580393125668,1096.3242698443298,1096.3242698443298,True,995
2026-08-15-k-dimension-gsa-det-cbd-moment-v1,1024,964,1084,124,242,1.0082882624056613,0.0,72.28073609126889,1097.4312882627432,1097.4312882627432,True,994
2026-08-15-k-dimension-gsa-det-cbd-moment-v1,1024,965,1083,124,240,1.0082882624056613,0.0,72.27565731557016,1098.538302150752,1098.538302150752,True,993
2026-08-15-k-dimension-gsa-det-cbd-moment-v1,1024,966,1082,169,260,1.0069560748177107,0.0,84.52097174132615,1099.6464948552407,1099.6464948552407,True,992
2026-08-15-k-dimension-gsa-det-cbd-moment-v1,1024,967,1081,135,242,1.0079125300646745,0.0,75.23577270972714,1100.753650014394,1100.753650014394,True,991
2026-08-15-k-dimension-gsa-det-cbd-moment-v1,1024,968,1080,157,250,1.0072629966161497,0.0,81.21866105305634,1101.8606783165555,1101.8606783165555,True,990
2026-08-15-k-dimension-gsa-det-cbd-moment-v1,1024,969,1079,160,249,1.00718344897388,0.0,82.03782949290184,1102.9677558634837,1102.9677558634837,True,989
2026-08-15-k-dimension-gsa-det-cbd-moment-v1,1024,970,1078,150,242,1.007456501192153,0.0,79.29928102503101,1104.0746763136642,1104.0746763136642,True,988
2026-08-15-k-dimension-gsa-det-cbd-moment-v1,1024,971,1077,204,263,1.006206182893998,0.0,94.17522885476512,1105.1817116390055,1105.1817116390055,True,987
2026-08-15-k-dimension-gsa-det-cbd-moment-v1,1024,972,1076,102,214,1.009168815337948,0.0,66.38603292536204,1106.2886251746097,1106.2886251746097,True,986
2026-08-15-k-dimension-gsa-det-cbd-moment-v1,1024,973,1075,135,229,1.0079125300646745,0.0,75.20979306542381,1107.3956063832313,1107.3956063832313,True,985
2026-08-15-k-dimension-gsa-det-cbd-moment-v1,1024,974,1074,124,221,1.0082882624056613,0.0,72.23902070220649,1108.5026816510776,1108.5026816510776,True,984
2026-08-15-k-dimension-gsa-det-cbd-moment-v1,1024,975,1073,169,239,1.0069560748177107,0.0,84.4807702779417,1109.609683930234,1109.609683930234,True,983
2026-08-15-k-dimension-gsa-det-cbd-moment-v1,1024,976,1072,122,216,1.0083608085022207,0.0,71.69371553544396,1110.7179244745496,1110.7179244745496,True,982
2026-08-15-k-dimension-gsa-det-cbd-moment-v1,1024,977,1071,169,234,1.0069560748177107,0.0,84.47452086252224,1111.8248121229497,1111.8248121229497,True,981
2026-08-15-k-dimension-gsa-det-cbd-moment-v1,1024,978,1070,113,207,1.008704975182247,0.0,69.27797725876937,1112.9317322953507,1112.9317322953507,True,980
2026-08-15-k-dimension-gsa-det-cbd-moment-v1,1024,979,1069,102,199,1.009168815337948,0.0,66.35718180795519,1114.0386991787238,1114.0386991787238,True,979
2026-08-15-k-dimension-gsa-det-cbd-moment-v1,1024,980,1068,102,197,1.009168815337948,0.0,66.35191300727894,1115.1457217790673,1115.1457217790673,True,978
2026-08-15-k-dimension-gsa-det-cbd-moment-v1,1024,981,1067,97,193,1.0093969875477766,0.0,65.03364287873075,1116.2527492513623,1116.2527492513623,True,977
2026-08-15-k-dimension-gsa-det-cbd-moment-v1,1024,982,1066,93,188,1.0095878948759565,0.0,63.982498184266866,1117.3596920851307,1117.3596920851307,True,976
2026-08-15-k-dimension-gsa-det-cbd-moment-v1,1024,983,1065,102,190,1.009168815337948,0.0,66.3399855255164,1118.466631250318,1118.466631250318,True,975
2026-08-15-k-dimension-gsa-det-cbd-moment-v1,1024,984,1064,91,183,1.0096862317631068,0.0,63.452498338800574,1119.5735241436644,1119.5735241436644,True,974
2026-08-15-k-dimension-gsa-det-cbd-moment-v1,1024,985,1063,124,195,1.0082882624056613,0.0,72.19135643567725,1120.6817136257202,1120.6817136257202,True,973
2026-08-15-k-dimension-gsa-det-cbd-moment-v1,1024,986,1062,102,183,1.009168815337948,0.0,66.32668047046843,1121.7887184602725,1121.7887184602725,True,972
2026-08-15-k-dimension-gsa-det-cbd-moment-v1,1024,987,1061,91,176,1.0096862317631068,0.0,63.44000646852083,1122.89559612065,1122.89559612065,True,971
2026-08-15-k-dimension-gsa-det-cbd-moment-v1,1024,988,1060,102,178,1.009168815337948,0.0,66.31865693725493,1124.0024693762314,1124.0024693762314,True,970
2026-08-15-k-dimension-gsa-det-cbd-moment-v1,1024,989,1059,98,174,1.0093504380983747,0.0,65.26170356710239,1125.1095000269802,1125.1095000269802,True,969
2026-08-15-k-dimension-gsa-det-cbd-moment-v1,1024,990,1058,135,187,1.0079125300646745,0.0,75.1385869400184,1126.2163975167805,1126.2163975167805,True,968
2026-08-15-k-dimension-gsa-det-cbd-moment-v1,1024,991,1057,135,184,1.0079125300646745,0.0,75.13254620207758,1127.323336873391,1127.323336873391,True,967
2026-08-15-k-dimension-gsa-det-cbd-moment-v1,1024,992,1056,126,178,1.008217069057218,0.0,72.69991849262962,1128.4302732407434,1128.4302732407434,True,966
2026-08-15-k-dimension-gsa-det-cbd-moment-v1,1024,993,1055,113,170,1.008704975182247,0.0,69.21381434319571,1129.537082640982,1129.537082640982,True,965
2026-08-15-k-dimension-gsa-det-cbd-moment-v1,1024,994,1054,111,166,1.008785615392632,0.0,68.67702639168346,1130.6440487739428,1130.6440487739428,True,964
2026-08-15-k-dimension-gsa-det-cbd-moment-v1,1024,995,1053,104,161,1.0090806827340926,0.0,66.81671834309628,1131.7521389059848,1131.7521389059848,True,963
2026-08-15-k-dimension-gsa-det-cbd-moment-v1,1024,996,1052,91,153,1.0096862317631068,0.0,63.401087945492485,1132.8589324854693,1132.8589324854693,True,962
2026-08-15-k-dimension-gsa-det-cbd-moment-v1,1024,997,1051,102,154,1.009168815337948,0.0,66.27953867672136,1133.9658866658917,1133.9658866658917,True,961
2026-08-15-k-dimension-gsa-det-cbd-moment-v1,1024,998,1050,102,152,1.009168815337948,0.0,66.27545604805468,1135.0727534361176,1135.0727534361176,True,960
2026-08-15-k-dimension-gsa-det-cbd-moment-v1,1024,999,1049,124,156,1.0082882624056613,0.0,72.13264692301655,1136.1796196677403,1136.1796196677403,True,959
2026-08-15-k-dimension-gsa-det-cbd-moment-v1,1024,1000,1048,102,146,1.009168815337948,0.0,66.267271550988,1137.2865136672813,1137.2865136672813,True,958
2026-08-15-k-dimension-gsa-det-cbd-moment-v1,1024,1001,1047,102,142,1.009168815337948,0.0,66.26316963904483,1138.3933246878821,1138.3933246878821,True,957
2026-08-15-k-dimension-gsa-det-cbd-moment-v1,1024,1002,1046,102,139,1.009168815337948,0.0,66.25769441984149,1139.5002133952134,1139.5002133952134,True,956
2026-08-15-k-dimension-gsa-det-cbd-moment-v1,1024,1003,1045,93,133,1.0095878948759565,0.0,63.89248803610905,1140.6071377462583,1140.6071377462583,True,955
2026-08-15-k-dimension-gsa-det-cbd-moment-v1,1024,1004,1044,146,146,1.0075723347029661,0.0,78.06272101217694,1141.7151770635305,1141.7151770635305,True,954
2026-08-15-k-dimension-gsa-det-cbd-moment-v1,1024,1005,1043,91,126,1.0096862317631068,0.0,63.36265809752782,1142.8220037889123,1142.8220037889123,True,953
2026-08-15-k-dimension-gsa-det-cbd-moment-v1,1024,1006,1042,97,124,1.0093969875477766,0.0,64.925312711386,1143.9288725935387,1143.9288725935387,True,952
2026-08-15-k-dimension-gsa-det-cbd-moment-v1,1024,1007,1041,102,122,1.009168815337948,0.0,66.23704158026766,1145.0356097796657,1145.0356097796657,True,951
2026-08-15-k-dimension-gsa-det-cbd-moment-v1,1024,1008,1040,95,117,1.0094914907605503,0.0,64.39358899373963,1146.1424676301087,1146.1424676301087,True,950
2026-08-15-k-dimension-gsa-det-cbd-moment-v1,1024,1009,1039,169,132,1.0069560748177107,0.0,84.33503397707531,1147.2493180479173,1147.2493180479173,True,949
2026-08-15-k-dimension-gsa-det-cbd-moment-v1,1024,1010,1038,135,120,1.0079125300646745,0.0,75.05147902290388,1148.356124232182,1148.356124232182,True,948
2026-08-15-k-dimension-gsa-det-cbd-moment-v1,1024,1011,1037,113,110,1.008704975182247,0.0,69.1352993675204,1149.4629244527773,1149.4629244527773,True,947
2026-08-15-k-dimension-gsa-det-cbd-moment-v1,1024,1012,1036,105,104,1.0090372691694152,0.0,67.00754562524943,1150.5697191224206,1150.5697191224206,True,946
2026-08-15-k-dimension-gsa-det-cbd-moment-v1,1024,1013,1035,188,117,1.0065252273487522,0.0,89.55934256583026,1151.6765428973365,1151.6765428973365,True,945
2026-08-15-k-dimension-gsa-det-cbd-moment-v1,1024,1014,1034,157,105,1.0072629966161497,0.0,81.02289206105101,1152.7844747592442,1152.7844747592442,True,944
2026-08-15-k-dimension-gsa-det-cbd-moment-v1,1024,1015,1033,135,96,1.0079125300646745,0.0,75.0298412319751,1153.8912540198933,1153.8912540198933,True,943
2026-08-15-k-dimension-gsa-det-cbd-moment-v1,1024,1016,1032,105,84,1.0090372691694152,0.0,66.99009049269785,1154.998072003015,1154.998072003015,True,942
2026-08-15-k-dimension-gsa-det-cbd-moment-v1,1024,1017,1031,205,95,1.0061874037388765,0.0,94.25851330414028,1156.1048641445132,1156.1048641445132,True,941
2026-08-15-k-dimension-gsa-det-cbd-moment-v1,1024,1018,1030,158,82,1.0072362625995437,0.0,81.27913824229643,1157.2115467315164,1157.2115467315164,True,940
2026-08-15-k-dimension-gsa-det-cbd-moment-v1,1024,1019,1029,113,68,1.008704975182247,0.0,69.09999479312825,1158.318309515979,1158.318309515979,True,939
2026-08-15-k-dimension-gsa-det-cbd-moment-v1,1024,1020,1028,255,77,1.0053877020233088,0.0,108.21435270342496,1159.4251112390855,1159.4251112390855,True,938
2026-08-15-k-dimension-gsa-det-cbd-moment-v1,1024,1021,1027,785,99,1.0024505463037765,0.0,259.7941454677605,1160.53177864701,1160.53177864701,True,937
2026-08-15-k-dimension-gsa-det-cbd-moment-v1,1024,1022,1026,445,66,1.0036965374538915,0.0,162.09770251777053,1161.6385255421549,1161.6385255421549,True,936
2026-08-15-k-dimension-gsa-det-cbd-moment-v1,1024,1023,1025,132,31,1.0080112632235232,0.0,74.18381293371789,1162.7464882208158,1162.7464882208158,True,935
